,Media,Date,Tweet Text,Compound,Positive,Negative,Neutral,Tweets Ago
0,BBC,Mon May 11 19:30:01 +0000 2020,"As the nation was celebrating #VEDay, the Duke of Sussex took part in a special film to commemorate the bravery of‚Ä¶ https://t.co/lqbkGL7gjY",0.8625,0.336,0.0,0.664,100
1,BBC,Mon May 11 18:01:00 +0000 2020,This week's #Hospital: Coronavirus Specials were filmed inside the NHS from the first day of the lockdown - while w‚Ä¶ https://t.co/W8LmuOgA8m,0.0,0.0,0.0,1.0,99
2,BBC,Mon May 11 16:01:00 +0000 2020,"This Dutch care home has found a way to bring people together - by reuniting families in a glass pod.
https://t.co/Nj2bz87h16",0.4939,0.138,0.0,0.862,98
3,BBC,Mon May 11 14:25:30 +0000 2020,"RT @BBCTheOneShow: Have you heard the news?üì¢
Tonight's #TheOneShow will be on @BBCTwo at 7pm! 

üõãÔ∏è @MissAlexjones will be on the sofas with‚Ä¶",0.0,0.0,0.0,1.0,97
4,BBC,Mon May 11 12:01:00 +0000 2020,World War Two veteran Alec and wife Gladys got married the year the war ended. Here's how they celebrated their 75t‚Ä¶ https://t.co/FQlU14Fnbc,-0.6249,0.121,0.256,0.623,96
5,BBC,Mon May 11 10:01:00 +0000 2020,"Brand new #JamieJohnson is streaming now on @bbciplayer.  üôå

@JamieJohnsonFC | @BBCMOTD | @BBCSport | @cbbc https://t.co/LEBFyOhtZG",0.0,0.0,0.0,1.0,95
6,BBC,Mon May 11 09:12:00 +0000 2020,"#LifeDrawingLive is back!
 
All you'll need is a 2B pencil, paper, charcoal and an eraser to join in with‚Ä¶ https://t.co/AfF1Gq1d5U",0.3595,0.116,0.0,0.884,94
7,BBC,Sun May 10 19:01:00 +0000 2020,"#TheRanganation is back for a brand new series!  üôå

@RomeshRanga mulls over the week‚Äôs most entertaining news with‚Ä¶ https://t.co/kBpwToosf7",0.54,0.155,0.0,0.845,93
8,BBC,Sun May 10 13:04:09 +0000 2020,#HealthCheckUKLive | Weekdays | 10am | @bbcone &amp; @BBCiPlayer. https://t.co/QUcPd2ZzDR,0.0,0.0,0.0,1.0,92
9,BBC,Sun May 10 13:01:00 +0000 2020,"Water? üíßCoffee? ‚òïÔ∏èOrange juice? üçä Milk? ü•õ

Which of these do you think hydrate us best? The answer may surprise you‚Ä¶ https://t.co/2XzEgG77EO",0.8053,0.24,0.0,0.76,91
10,BBC,Sun May 10 12:01:00 +0000 2020,"BREAKING NEWS: People who never do anything outraged at no longer being able to do things. üòÇüóû

#TheMashReport | 10p‚Ä¶ https://t.co/TGpFNM2tFi",0.5499,0.197,0.121,0.681,90
11,BBC,Sun May 10 10:01:00 +0000 2020,"Countries across the world are approaching coronavirus testing differently

But what does testing involve and why d‚Ä¶ https://t.co/WQKRIJn0HM",0.0,0.0,0.0,1.0,89
12,BBC,Sun May 10 09:01:00 +0000 2020,"üö®ONLY A FEW HOURS LEFT! üö®

Saxophone, sitar, singing or spoons ‚Äì we want to see YOUR performances of #YouGotTheLove‚Ä¶ https://t.co/kdzjVIlnZ2",0.1511,0.062,0.0,0.938,88
13,BBC,Sat May 09 17:01:00 +0000 2020,"The multi-Oscar winning #DarkestHour follows Winston Churchill's reign as UK Prime Minister in WW2.

7:30pm |‚Ä¶ https://t.co/llt1V8BTYl",0.5267,0.175,0.0,0.825,87
14,BBC,Sat May 09 14:01:00 +0000 2020,Drumming sensation @OwainWynEvans wants you to be part of the #BBCLockdownOrchestra - here's how to submit your vid‚Ä¶ https://t.co/3wRkZRUIaA,0.0,0.0,0.0,1.0,86
15,BBC,Sat May 09 11:01:00 +0000 2020,"From BAFTA award-winner @MichaelaCoel comes #IMayDestroyYou, a fearless, frank and provocative new drama about sexu‚Ä¶ https://t.co/8nv5ypC36R",0.4404,0.162,0.0,0.838,85
16,BBC,Sat May 09 10:01:00 +0000 2020,Zainab is a junior doctor working on the frontline of the NHS. Her resilience is being tested beyond all expectatio‚Ä¶ https://t.co/KTgfdbxF33,0.0,0.0,0.0,1.0,84
17,BBC,Sat May 09 09:01:00 +0000 2020,"This family is celebrating #Ramadan with a lockdown twist.

They couldn‚Äôt get out to pray at their local mosque, so‚Ä¶ https://t.co/MYIYPQV2GM",0.7184,0.24,0.0,0.76,83
18,BBC,Fri May 08 19:34:52 +0000 2020,"RT @BBCTheOneShow: One Show viewer John Chapman told us about a very special letter that he found a few days ago, written from his father P‚Ä¶",0.4576,0.107,0.0,0.893,82
19,BBC,Fri May 08 19:10:18 +0000 2020,"RT @BBCTheOneShow: 'A morale booster for the nation. It's such a wonderful song to sing that fills people with a lot of spirit.'

Meet the‚Ä¶",0.6597,0.19,0.0,0.81,81
20,BBC,Mon May 11 19:30:01 +0000 2020,"As the nation was celebrating #VEDay, the Duke of Sussex took part in a special film to commemorate the bravery of‚Ä¶ https://t.co/lqbkGL7gjY",0.8625,0.336,0.0,0.664,80
21,BBC,Mon May 11 18:01:00 +0000 2020,This week's #Hospital: Coronavirus Specials were filmed inside the NHS from the first day of the lockdown - while w‚Ä¶ https://t.co/W8LmuOgA8m,0.0,0.0,0.0,1.0,79
22,BBC,Mon May 11 16:01:00 +0000 2020,"This Dutch care home has found a way to bring people together - by reuniting families in a glass pod.
https://t.co/Nj2bz87h16",0.4939,0.138,0.0,0.862,78
23,BBC,Mon May 11 14:25:30 +0000 2020,"RT @BBCTheOneShow: Have you heard the news?üì¢
Tonight's #TheOneShow will be on @BBCTwo at 7pm! 

üõãÔ∏è @MissAlexjones will be on the sofas with‚Ä¶",0.0,0.0,0.0,1.0,77
24,BBC,Mon May 11 12:01:00 +0000 2020,World War Two veteran Alec and wife Gladys got married the year the war ended. Here's how they celebrated their 75t‚Ä¶ https://t.co/FQlU14Fnbc,-0.6249,0.121,0.256,0.623,76
25,BBC,Mon May 11 10:01:00 +0000 2020,"Brand new #JamieJohnson is streaming now on @bbciplayer.  üôå

@JamieJohnsonFC | @BBCMOTD | @BBCSport | @cbbc https://t.co/LEBFyOhtZG",0.0,0.0,0.0,1.0,75
26,BBC,Mon May 11 09:12:00 +0000 2020,"#LifeDrawingLive is back!
 
All you'll need is a 2B pencil, paper, charcoal and an eraser to join in with‚Ä¶ https://t.co/AfF1Gq1d5U",0.3595,0.116,0.0,0.884,74
27,BBC,Sun May 10 19:01:00 +0000 2020,"#TheRanganation is back for a brand new series!  üôå

@RomeshRanga mulls over the week‚Äôs most entertaining news with‚Ä¶ https://t.co/kBpwToosf7",0.54,0.155,0.0,0.845,73
28,BBC,Sun May 10 13:04:09 +0000 2020,#HealthCheckUKLive | Weekdays | 10am | @bbcone &amp; @BBCiPlayer. https://t.co/QUcPd2ZzDR,0.0,0.0,0.0,1.0,72
29,BBC,Sun May 10 13:01:00 +0000 2020,"Water? üíßCoffee? ‚òïÔ∏èOrange juice? üçä Milk? ü•õ

Which of these do you think hydrate us best? The answer may surprise you‚Ä¶ https://t.co/2XzEgG77EO",0.8053,0.24,0.0,0.76,71
30,BBC,Sun May 10 12:01:00 +0000 2020,"BREAKING NEWS: People who never do anything outraged at no longer being able to do things. üòÇüóû

#TheMashReport | 10p‚Ä¶ https://t.co/TGpFNM2tFi",0.5499,0.197,0.121,0.681,70
31,BBC,Sun May 10 10:01:00 +0000 2020,"Countries across the world are approaching coronavirus testing differently

But what does testing involve and why d‚Ä¶ https://t.co/WQKRIJn0HM",0.0,0.0,0.0,1.0,69
32,BBC,Sun May 10 09:01:00 +0000 2020,"üö®ONLY A FEW HOURS LEFT! üö®

Saxophone, sitar, singing or spoons ‚Äì we want to see YOUR performances of #YouGotTheLove‚Ä¶ https://t.co/kdzjVIlnZ2",0.1511,0.062,0.0,0.938,68
33,BBC,Sat May 09 17:01:00 +0000 2020,"The multi-Oscar winning #DarkestHour follows Winston Churchill's reign as UK Prime Minister in WW2.

7:30pm |‚Ä¶ https://t.co/llt1V8BTYl",0.5267,0.175,0.0,0.825,67
34,BBC,Sat May 09 14:01:00 +0000 2020,Drumming sensation @OwainWynEvans wants you to be part of the #BBCLockdownOrchestra - here's how to submit your vid‚Ä¶ https://t.co/3wRkZRUIaA,0.0,0.0,0.0,1.0,66
35,BBC,Sat May 09 11:01:00 +0000 2020,"From BAFTA award-winner @MichaelaCoel comes #IMayDestroyYou, a fearless, frank and provocative new drama about sexu‚Ä¶ https://t.co/8nv5ypC36R",0.4404,0.162,0.0,0.838,65
36,BBC,Sat May 09 10:01:00 +0000 2020,Zainab is a junior doctor working on the frontline of the NHS. Her resilience is being tested beyond all expectatio‚Ä¶ https://t.co/KTgfdbxF33,0.0,0.0,0.0,1.0,64
37,BBC,Sat May 09 09:01:00 +0000 2020,"This family is celebrating #Ramadan with a lockdown twist.

They couldn‚Äôt get out to pray at their local mosque, so‚Ä¶ https://t.co/MYIYPQV2GM",0.7184,0.24,0.0,0.76,63
38,BBC,Fri May 08 19:34:52 +0000 2020,"RT @BBCTheOneShow: One Show viewer John Chapman told us about a very special letter that he found a few days ago, written from his father P‚Ä¶",0.4576,0.107,0.0,0.893,62
39,BBC,Fri May 08 19:10:18 +0000 2020,"RT @BBCTheOneShow: 'A morale booster for the nation. It's such a wonderful song to sing that fills people with a lot of spirit.'

Meet the‚Ä¶",0.6597,0.19,0.0,0.81,61
40,BBC,Fri May 08 19:10:13 +0000 2020,RT @BBCArchive: Howard Marshall reported on the jubilant crowds who had gathered to greet the Royal Family at Buckingham Palace. #VEDay75 h‚Ä¶,0.743,0.24,0.0,0.76,60
41,BBC,Fri May 08 19:01:00 +0000 2020,"Tonight with #GrahamNorton:

‚ú®#KillingEve star @IamSandraOh!
‚ú®Actor Stanley Tucci!
‚ú®Dancer @OtiMabuse!
‚ú®Comedians‚Ä¶ https://t.co/Un53Q9Wq3E",0.0,0.0,0.0,1.0,59
42,BBC,Fri May 08 18:21:05 +0000 2020,"A powerful recitation of Winston Churchill's own words, spoken on #VEDay by famous faces and frontline workers on t‚Ä¶ https://t.co/HVJezSJhWo",0.4215,0.128,0.0,0.872,58
43,BBC,Fri May 08 18:16:07 +0000 2020,RT @BBCTheOneShow: Join @missalexjones and @huwbbc on @bbcone now as #TheOneShow celebrates #VEDay with all of you at home. https://t.co/Im‚Ä¶,0.7096,0.247,0.0,0.753,57
44,BBC,Fri May 08 16:01:00 +0000 2020,"This is so moving.  üíô

#ChristopherEccleston reads 'Our Heroes', a poem and tribute to the NHS, penned by the partn‚Ä¶ https://t.co/Q7KfEYUspm",0.5106,0.136,0.0,0.864,56
45,BBC,Fri May 08 14:45:28 +0000 2020,RT @BBCBreakfast: Audrey and Joe wrote over 700 letters to each other when they were separated during the war. To mark #VEDay actors @Elean‚Ä¶,-0.5994,0.0,0.145,0.855,55
46,BBC,Fri May 08 14:45:23 +0000 2020,"RT @BBCRadioLondon: We've given @BBC New Broadcasting House at makeover üá¨üáß‚ù§Ô∏èü§çüíô

#GreatBritishBunting https://t.co/xS95VSzwUs",0.0,0.0,0.0,1.0,54
47,BBC,Fri May 08 14:45:16 +0000 2020,RT @BBCArchive: The BBC‚Äôs Richard Dimbleby gave a snapshot of the scenes in central London #OnThisDay 1945 #VEDay75 https://t.co/aO55ken1PG,0.0,0.0,0.0,1.0,53
48,BBC,Fri May 08 14:03:34 +0000 2020,"RT @BBCNews: People across the UK mark #VEDay75 amid the ongoing coronavirus pandemic

https://t.co/QZjEn62Paa",0.0,0.0,0.0,1.0,52
49,BBC,Fri May 08 14:02:49 +0000 2020,"RT @bbc5live: On the 75th anniversary of VE Day, 5 Live listeners told their extraordinary personal stories about the end of the war in Eur‚Ä¶",-0.5994,0.0,0.14,0.86,51
50,BBC,Fri May 08 13:01:00 +0000 2020,"There are three more special #VEDay75 programmes today on @BBCOne &amp; @BBCiPlayer:

2:45pm - The Announcement of Vict‚Ä¶ https://t.co/nCGg5k1HXc",0.4576,0.143,0.0,0.857,50
51,BBC,Fri May 08 11:32:48 +0000 2020,"‚ù§Ô∏è‚ù§Ô∏è‚ù§Ô∏è
https://t.co/wWXYsxGMVH",0.0,0.0,0.0,1.0,49
52,BBC,Fri May 08 11:31:57 +0000 2020,RT @BBCBreakfast: üé∂ Just some of the amazing pictures you sent to #BBCBreakfast of you and your families celebrating #VEDay - to 'We'll Mee‚Ä¶,0.8176,0.246,0.0,0.754,48
53,BBC,Fri May 08 11:31:39 +0000 2020,"How the UK is marking 75th anniversary of end of WW2 in Europe. #VEDay75 

https://t.co/1q20ZEZJUF",0.0,0.0,0.0,1.0,47
54,BBC,Fri May 08 11:30:23 +0000 2020,"RT @BBCLondonNews: It's the 75th anniversary of VE Day. Here are some of the people who lived through World War Two in London. üá¨üáßüôå
#VEDay #‚Ä¶",-0.5994,0.0,0.126,0.874,46
55,BBC,Fri May 08 11:29:40 +0000 2020,"RT @BBCNews: Watch the Red Arrows perform a flypast over London to mark #VEDay75 

https://t.co/VSYapPvXsF https://t.co/9TRfVf62bC",0.0,0.0,0.0,1.0,45
56,BBC,Fri May 08 10:01:00 +0000 2020,"A very Happy 94th Birthday to the amazing Sir David Attenborough.  üéâ

What better way to celebrate than enjoying hi‚Ä¶ https://t.co/kH8rw2Tpiy",0.9661,0.562,0.0,0.438,44
57,BBC,Fri May 08 07:01:00 +0000 2020,"For the first of four special #VEDay75 programmes today, @sophieraworth introduces a national moment of remembrance‚Ä¶ https://t.co/Kyg8hfyTPI",0.4019,0.144,0.0,0.856,43
58,BBC,Thu May 07 20:01:00 +0000 2020,"Tonight's 45-minute special #LiveAtTheApollo is hosted by  @ardalsfolly, with sets from @MawaanR  and @sarabarron.‚Ä¶ https://t.co/xrdb8xE13w",0.4019,0.162,0.0,0.838,42
59,BBC,Thu May 07 19:32:50 +0000 2020,"RT @bbcbitesize: If the sky is clear tonight, you‚Äôll be able to see the last #SuperMoon of 2020‚Äô! üòÆüî≠üåï

What else can we see in the sky? We‚Ä¶",0.4389,0.081,0.0,0.919,41
60,BBC,Thu May 07 19:01:00 +0000 2020,"Tonight on #HaveIGotNewsForYou, #DavidTennant hosts team captains Paul Merton and Ian Hislop and panellists‚Ä¶ https://t.co/zadfASHXiV",0.0,0.0,0.0,1.0,40
61,BBC,Thu May 07 18:01:00 +0000 2020,"In part two of a #DIYSOS special from 2015, @MrNickKnowles and team continue transforming an entire street of rundo‚Ä¶ https://t.co/0vqk8PVcqz",0.4019,0.124,0.0,0.876,39
62,BBC,Thu May 07 13:30:47 +0000 2020,"RT @CBeebiesHQ: Captain Tom receives a Gold #BluePeter badge after raising millions for NHS charities! üåà

What an absolute legend. üíô

Tune‚Ä¶",0.5411,0.137,0.0,0.863,38
63,BBC,Thu May 07 12:01:00 +0000 2020,"Really enjoying @RomeshRanga's advice on surviving lockdown with kids. üòÇ

#TheRanganation returns to @BBCTwo at 9.1‚Ä¶ https://t.co/vPLtDRKbIM",0.8313,0.339,0.066,0.595,37
64,BBC,Thu May 07 09:53:52 +0000 2020,"RT @bbcpress: üåº @CBeebiesHQ has created a mindfulness app to help children stay focused, creative and calm during lockdown.

Voiced by @ste‚Ä¶",0.8885,0.424,0.0,0.576,36
65,BBC,Thu May 07 09:01:57 +0000 2020,Looking for a new creative challenge? Upload your video to the #BBCLockdownOrchestra to be part of a nationwide vir‚Ä¶ https://t.co/4hPokOJrdP,0.4939,0.189,0.0,0.811,35
66,BBC,Thu May 07 07:01:00 +0000 2020,"These kids face big challenges - but surfing can help them. üèÑ‚Äç‚ôÄÔ∏èüèÑ

More on the #PeopleFixingTheWorld podcast on‚Ä¶ https://t.co/JHxufep12S",0.5719,0.176,0.0,0.824,34
67,BBC,Wed May 06 19:01:00 +0000 2020,"Filmed last year, Rhod Gilbert discovered - even in more 'ordinary' times -  just how valuable the work of carers i‚Ä¶ https://t.co/4NYdrs4GBZ",0.4767,0.129,0.0,0.871,33
68,BBC,Wed May 06 16:01:00 +0000 2020,It‚Äôs not just humans who can find lockdown difficult ‚Äì vet @drjgreenwood has loads of advice for #HealthCheckUKLive‚Ä¶ https://t.co/8qaOQ7u6jz,-0.3612,0.0,0.122,0.878,32
69,BBC,Wed May 06 13:01:00 +0000 2020,"This nine-year-old Kenyan inventor has come up with an ingenious way to wash his hands, and reduce the spread of th‚Ä¶ https://t.co/yFT8qBzUMK",0.0,0.0,0.0,1.0,31
70,BBC,Wed May 06 09:31:04 +0000 2020,A team of incredibly dedicated zookeepers have moved in with their animals to care for them during lockdown.‚Ä¶ https://t.co/ZCdqCqQ42j,0.7574,0.276,0.0,0.724,30
71,BBC,Wed May 06 08:01:00 +0000 2020,"Do we need to re-think how we think of time itself in order to tackle climate change?  ü§î

https://t.co/3HjKnSObut",0.0,0.0,0.0,1.0,29
72,BBC,Wed May 06 07:01:00 +0000 2020,"5G doesn't spread coronavirus, tea won't cure it, and your pet isn't likely to give you the virus.

https://t.co/exJezOiD4i",0.0,0.0,0.0,1.0,28
73,BBC,Tue May 05 19:01:00 +0000 2020,"#TheAWord returns for Series 3 tonight.  üôå

9pm | @BBCOne &amp; @BBCiPlayer.

üëâ https://t.co/br4IVjBVzO https://t.co/oqaWFSjyrL",0.0,0.0,0.0,1.0,27
74,BBC,Tue May 05 16:01:00 +0000 2020,"Space colonies, flying cars - it‚Äôs fascinating to reflect on how we once imagined the future...
https://t.co/NYeIbXx3L3",0.5423,0.179,0.0,0.821,26
75,BBC,Tue May 05 14:54:57 +0000 2020,"RT @bbcpress: üé§ @BBCR1 is reinstating #BigWeekend UK 2020 - bringing the festival to listeners on a virtual stage

50 brand new live sets r‚Ä¶",0.4939,0.118,0.0,0.882,25
76,BBC,Tue May 05 12:25:20 +0000 2020,RT @bbcdoctorwho: Doctor Who: The Runaway has been nominated for a #Webby! The public decide who wins &amp; you can vote here üëâ https://t.co/Mz‚Ä¶,0.6114,0.133,0.0,0.867,24
77,BBC,Tue May 05 12:01:00 +0000 2020,"That ending!  üòÜ

#Primates is streaming now on @BBCiPlayer.
https://t.co/8KdfpqlIWX",0.4199,0.202,0.0,0.798,23
78,BBC,Tue May 05 10:21:07 +0000 2020,"RT @BBCSSO: Such a haunting beauty! üéªüéß Our violinist Ben Norris performs a Northumbrian traditional song, Bonny at Morn. 

Ben recently spo‚Ä¶",0.4574,0.15,0.077,0.772,22
79,BBC,Tue May 05 09:51:57 +0000 2020,"RT @GlowUpBBC: Meet the 10 talented make-up artists competing to be crowned Britain's next make-up star. 

Glow Up Series 2 starts streamin‚Ä¶",0.5106,0.136,0.0,0.864,21
80,BBC,Tue May 05 09:47:37 +0000 2020,"RT @bbcbitesize: #HomeSchooling? Boost your child's learning in 5 minutes! ‚è∞

Search 'Teacher Talks' on @BBCiPlayer üë®‚Äçüè´üë©‚Äçüè´

‚è∞ 5-minute vide‚Ä¶",-0.3382,0.091,0.171,0.738,20
81,BBC,Tue May 05 08:01:00 +0000 2020,"The science behind the munchies. ü§ì

#InsideTheFactory
https://t.co/mseSZII3JK",-0.296,0.0,0.216,0.784,19
82,BBC,Tue May 05 07:47:00 +0000 2020,RT @BBCArtsPR: Launching today on @BBCRadio3 and @BBCArts: join our newly-formed BBC Lockdown Orchestra for a national collaborative perfor‚Ä¶,0.296,0.109,0.0,0.891,18
83,BBC,Tue May 05 07:01:00 +0000 2020,"Covering topics from tacos to archery, @PhilNWang is the latest guest on James Acaster's Perfect Sounds. üé∂

Listen‚Ä¶ https://t.co/PIdDNCCUrm",0.5719,0.163,0.0,0.837,17
84,BBC,Mon May 04 19:01:00 +0000 2020,"How does your brain power compare to the rest of the UK?
ü§ìüß†

The #Horizon #GreatBritishIntelligenceTest starts toni‚Ä¶ https://t.co/8UicYaoyhz",-0.296,0.0,0.099,0.901,16
85,BBC,Mon May 04 16:53:50 +0000 2020,"'Its very important that if you do go running, you put that on your social media... there's no point doing it, unle‚Ä¶ https://t.co/n0oI52tSAK",-0.0276,0.083,0.087,0.83,15
86,BBC,Mon May 04 16:01:00 +0000 2020,Conspiracy theories and speculation about coronavirus have flooded social media. But who starts these rumours? And‚Ä¶ https://t.co/IhbnShXtuB,-0.296,0.0,0.121,0.879,14
87,BBC,Mon May 04 14:08:19 +0000 2020,"RT @BBCRadio4: A tribute to comedian and entertainer Tim Brooke-Taylor, best known as one third of the popular 1970s show The Goodies, and‚Ä¶",0.9042,0.391,0.0,0.609,13
88,BBC,Mon May 04 13:01:00 +0000 2020,David Prowse played Darth Vader in #StarWars - but not his voice! And was nearly cast as Chewbacca instead...  ü§Ø‚Ä¶ https://t.co/ilfJlKby1i,0.2481,0.087,0.0,0.913,12
89,BBC,Mon May 04 12:00:23 +0000 2020,YouTubers @AnnaSaccone and @JonathanJoly have a go at playing ‚ÄòTotes Emosh‚Äô on this series of‚Ä¶ https://t.co/3bPYU3Njbk,0.2023,0.107,0.0,0.893,11
90,BBC,Mon May 04 11:59:08 +0000 2020,RT @bbcpress: Dust off your instruments and warm up your vocal cords - you're invited to join the all-new BBC Lockdown Orchestra in a natio‚Ä¶,0.4767,0.151,0.0,0.849,10
91,BBC,Mon May 04 11:01:00 +0000 2020,"It's 10 years today since the first episode of #Luther!  üôå
To celebrate this anniversary, and the brand new episode‚Ä¶ https://t.co/tmyeTuQ7DN",0.6114,0.16,0.0,0.84,9
92,BBC,Mon May 04 07:01:00 +0000 2020,"Imagine life right now without the internet... üò±

In 1994, Tomorrow's World imagined life WITH it!
https://t.co/tU2WYUngzw",-0.7263,0.0,0.253,0.747,8
93,BBC,Sun May 03 20:59:21 +0000 2020,RT @BBCTwo: Tune in to @BBCTwo NOW to watch Louis Theroux: America‚Äôs Most Dangerous Pets and tweet your questions to @louistheroux using th‚Ä¶,-0.5256,0.0,0.134,0.866,7
94,BBC,Sun May 03 19:01:00 +0000 2020,"Have a burning question for 
@louistheroux about what happened when he met Joe Exotic?  üêØüëë

He'll be tweeting along‚Ä¶ https://t.co/fCvbxRqcza",0.0,0.0,0.0,1.0,6
95,BBC,Sun May 03 18:01:00 +0000 2020,"Journalist @StaceyDooley has investigated the controversial world of whale hunting.

Stacey Dooley Investigates: Th‚Ä¶ https://t.co/AckLGnlNn5",-0.2023,0.0,0.114,0.886,5
96,BBC,Sun May 03 15:01:00 +0000 2020,"And father of the year goes to... ü•∞

#Primates | 8:15pm | @BBCOne &amp; @BBCiPlayer.
https://t.co/YXuLqhdVa2",0.4588,0.136,0.0,0.864,4
97,BBC,Sun May 03 13:01:00 +0000 2020,"Yikes. üò±

This 'angry' alligator wasn't a welcome visitor at a US family's home... üêä
https://t.co/AcwO5Dpi9H",-0.9033,0.0,0.448,0.552,3
98,BBC,Sun May 03 12:23:50 +0000 2020,"""At times of crisis, reliable news and information from Public Service Broadcasters is more important than ever.‚Ä¶ https://t.co/cOtIjus70S",-0.4601,0.094,0.185,0.721,2
99,BBC,Sun May 03 11:01:00 +0000 2020,"Definitely the worst thing to happen at a wedding EVER. üòÇüíç

#MisterWinner is streaming now on @BBCiPlayer.
https://t.co/mvDpfpFdZs",0.128,0.206,0.19,0.603,1
100,ctvnews,Tue May 12 02:59:36 +0000 2020,No more panic buying? StatCan says grocery spending is slipping back to normal levels https://t.co/oIX4xajI7Q https://t.co/UskBg7r8cH,0.2011,0.156,0.115,0.729,100
101,ctvnews,Tue May 12 02:45:22 +0000 2020,"Elon Musk says he's resumed production at Tesla facility, violating Calif. orders https://t.co/asLMOQLOFC https://t.co/7xiNuLeXwU",-0.5423,0.0,0.212,0.788,99
102,ctvnews,Tue May 12 02:30:58 +0000 2020,"Mexico: coronavirus kills 111 medical staff, infects 8,544 https://t.co/0h5mr0zfkp https://t.co/a27r15l39E",-0.5423,0.0,0.28,0.72,98
103,ctvnews,Tue May 12 02:15:26 +0000 2020,"As countries restart, WHO warns about lack of virus tracing https://t.co/d65HkO1id4 https://t.co/5csoZcx3Ha",-0.4019,0.0,0.27,0.73,97
104,ctvnews,Tue May 12 02:00:50 +0000 2020,"80 million Chinese may already be out of work. 9 million more will soon be competing for jobs, too‚Ä¶ https://t.co/nWD3KNczDw",0.0,0.0,0.0,1.0,96
105,ctvnews,Tue May 12 01:45:08 +0000 2020,"Funds to fight COVID-19 in meat plants might not move for months, feds say https://t.co/ADF4CCL2pR https://t.co/x9llHLNqse",-0.3818,0.0,0.148,0.852,95
106,ctvnews,Tue May 12 01:44:42 +0000 2020,Smokers more likely to develop severe COVID-19 complications: study https://t.co/maEj5HK6M8 https://t.co/9Kj6h5aRJ8,-0.3818,0.0,0.206,0.794,94
107,ctvnews,Tue May 12 01:29:42 +0000 2020,'I won't go': Cheers and tears as Europe's kids go back to school https://t.co/NddmAJ1lJb https://t.co/Y8xWHGPI0n,-0.5352,0.0,0.255,0.745,93
108,ctvnews,Tue May 12 01:15:14 +0000 2020,"He suspected the buzzing in his ceiling were bees. He just didn't expect to find 100,000 of them‚Ä¶ https://t.co/jI7juaQVej",-0.2263,0.0,0.095,0.905,92
109,ctvnews,Tue May 12 01:01:23 +0000 2020,'Double Rainbow Guy' Paul Vasquez has died https://t.co/B7B6NhAMho https://t.co/rk3bsRpQMI,-0.5574,0.0,0.31,0.69,91
110,ctvnews,Tue May 12 00:45:30 +0000 2020,Thermometers and body temperature: Experts answer pressing questions https://t.co/wc1GyafGHG https://t.co/xpetCjgc3f,0.0,0.0,0.0,1.0,90
111,ctvnews,Tue May 12 00:30:05 +0000 2020,Danish priest who proclaimed that there is no God has died at 72 https://t.co/4D054zKiZK https://t.co/e9NyhX9Qgs,-0.6613,0.0,0.294,0.706,89
112,ctvnews,Tue May 12 00:15:06 +0000 2020,World has done a 180 in the year since Leonard's Game 7 buzzer-beater https://t.co/6V1lC4wN4E https://t.co/k0V9gsTqrW,0.0,0.0,0.0,1.0,88
113,ctvnews,Tue May 12 00:01:16 +0000 2020,"Paul Workman: Locked down in London, Day 49 https://t.co/ZdXVNqU1Nv https://t.co/ROWDzu6Tcd",0.0,0.0,0.0,1.0,87
114,ctvnews,Mon May 11 23:53:26 +0000 2020,U.S. President Trump abruptly ended his press conference after being questioned about why he was making testing int‚Ä¶ https://t.co/nmjGBgctuR,-0.1027,0.0,0.072,0.928,86
115,ctvnews,Mon May 11 23:45:09 +0000 2020,China pushes back against efforts by Canada to get Taiwan access at WHO https://t.co/5lLi7I0ISn https://t.co/5n4kV7PJMX,0.0,0.0,0.0,1.0,85
116,ctvnews,Mon May 11 23:29:40 +0000 2020,Trapped in paradise: Breaking quarantine could mean prison time for tourists in Hawaii https://t.co/TgmeUP4JYJ https://t.co/JtHKAzgq1y,-0.3612,0.183,0.293,0.524,84
117,ctvnews,Mon May 11 23:15:18 +0000 2020,Couple married nearly 61 years die on same day from COVID-19 https://t.co/IjfGmMy2hE https://t.co/Jxqnyt4FPx,-0.5994,0.0,0.245,0.755,83
118,ctvnews,Mon May 11 23:05:01 +0000 2020,Conservative Leader Andrew Scheer says investigation of anti-abortion group's activities during election period cou‚Ä¶ https://t.co/ECHw0aqjOW,0.0,0.0,0.0,1.0,82
119,ctvnews,Mon May 11 23:01:04 +0000 2020,5 hurt in shooting at Texas park where hundreds gathered https://t.co/wdIWNSWzg8 https://t.co/Q6OxceqTbX,-0.5267,0.0,0.236,0.764,81
120,ctvnews,Tue May 12 02:59:36 +0000 2020,No more panic buying? StatCan says grocery spending is slipping back to normal levels https://t.co/oIX4xajI7Q https://t.co/UskBg7r8cH,0.2011,0.156,0.115,0.729,80
121,ctvnews,Tue May 12 02:45:22 +0000 2020,"Elon Musk says he's resumed production at Tesla facility, violating Calif. orders https://t.co/asLMOQLOFC https://t.co/7xiNuLeXwU",-0.5423,0.0,0.212,0.788,79
122,ctvnews,Tue May 12 02:30:58 +0000 2020,"Mexico: coronavirus kills 111 medical staff, infects 8,544 https://t.co/0h5mr0zfkp https://t.co/a27r15l39E",-0.5423,0.0,0.28,0.72,78
123,ctvnews,Tue May 12 02:15:26 +0000 2020,"As countries restart, WHO warns about lack of virus tracing https://t.co/d65HkO1id4 https://t.co/5csoZcx3Ha",-0.4019,0.0,0.27,0.73,77
124,ctvnews,Tue May 12 02:00:50 +0000 2020,"80 million Chinese may already be out of work. 9 million more will soon be competing for jobs, too‚Ä¶ https://t.co/nWD3KNczDw",0.0,0.0,0.0,1.0,76
125,ctvnews,Tue May 12 01:45:08 +0000 2020,"Funds to fight COVID-19 in meat plants might not move for months, feds say https://t.co/ADF4CCL2pR https://t.co/x9llHLNqse",-0.3818,0.0,0.148,0.852,75
126,ctvnews,Tue May 12 01:44:42 +0000 2020,Smokers more likely to develop severe COVID-19 complications: study https://t.co/maEj5HK6M8 https://t.co/9Kj6h5aRJ8,-0.3818,0.0,0.206,0.794,74
127,ctvnews,Tue May 12 01:29:42 +0000 2020,'I won't go': Cheers and tears as Europe's kids go back to school https://t.co/NddmAJ1lJb https://t.co/Y8xWHGPI0n,-0.5352,0.0,0.255,0.745,73
128,ctvnews,Tue May 12 01:15:14 +0000 2020,"He suspected the buzzing in his ceiling were bees. He just didn't expect to find 100,000 of them‚Ä¶ https://t.co/jI7juaQVej",-0.2263,0.0,0.095,0.905,72
129,ctvnews,Tue May 12 01:01:23 +0000 2020,'Double Rainbow Guy' Paul Vasquez has died https://t.co/B7B6NhAMho https://t.co/rk3bsRpQMI,-0.5574,0.0,0.31,0.69,71
130,ctvnews,Tue May 12 00:45:30 +0000 2020,Thermometers and body temperature: Experts answer pressing questions https://t.co/wc1GyafGHG https://t.co/xpetCjgc3f,0.0,0.0,0.0,1.0,70
131,ctvnews,Tue May 12 00:30:05 +0000 2020,Danish priest who proclaimed that there is no God has died at 72 https://t.co/4D054zKiZK https://t.co/e9NyhX9Qgs,-0.6613,0.0,0.294,0.706,69
132,ctvnews,Tue May 12 00:15:06 +0000 2020,World has done a 180 in the year since Leonard's Game 7 buzzer-beater https://t.co/6V1lC4wN4E https://t.co/k0V9gsTqrW,0.0,0.0,0.0,1.0,68
133,ctvnews,Tue May 12 00:01:16 +0000 2020,"Paul Workman: Locked down in London, Day 49 https://t.co/ZdXVNqU1Nv https://t.co/ROWDzu6Tcd",0.0,0.0,0.0,1.0,67
134,ctvnews,Mon May 11 23:53:26 +0000 2020,U.S. President Trump abruptly ended his press conference after being questioned about why he was making testing int‚Ä¶ https://t.co/nmjGBgctuR,-0.1027,0.0,0.072,0.928,66
135,ctvnews,Mon May 11 23:45:09 +0000 2020,China pushes back against efforts by Canada to get Taiwan access at WHO https://t.co/5lLi7I0ISn https://t.co/5n4kV7PJMX,0.0,0.0,0.0,1.0,65
136,ctvnews,Mon May 11 23:29:40 +0000 2020,Trapped in paradise: Breaking quarantine could mean prison time for tourists in Hawaii https://t.co/TgmeUP4JYJ https://t.co/JtHKAzgq1y,-0.3612,0.183,0.293,0.524,64
137,ctvnews,Mon May 11 23:15:18 +0000 2020,Couple married nearly 61 years die on same day from COVID-19 https://t.co/IjfGmMy2hE https://t.co/Jxqnyt4FPx,-0.5994,0.0,0.245,0.755,63
138,ctvnews,Mon May 11 23:05:01 +0000 2020,Conservative Leader Andrew Scheer says investigation of anti-abortion group's activities during election period cou‚Ä¶ https://t.co/ECHw0aqjOW,0.0,0.0,0.0,1.0,62
139,ctvnews,Mon May 11 23:01:04 +0000 2020,5 hurt in shooting at Texas park where hundreds gathered https://t.co/wdIWNSWzg8 https://t.co/Q6OxceqTbX,-0.5267,0.0,0.236,0.764,61
140,ctvnews,Mon May 11 22:45:10 +0000 2020,No more panic buying? StatCan says grocery spending is slipping back to normal levels https://t.co/piMVzYyx59 https://t.co/WfS5anTPRt,0.2011,0.156,0.115,0.729,60
141,ctvnews,Mon May 11 22:30:32 +0000 2020,"B.C. says 23 more COVID-19 cases were reported over the weekend, as well as one additional death https://t.co/gkfK90IGdA",-0.4215,0.095,0.177,0.727,59
142,ctvnews,Mon May 11 22:29:39 +0000 2020,Singapore's foreign workers blind spot during COVID-19 response https://t.co/YJeH7quPvS https://t.co/ebAefj5jrO,-0.4019,0.0,0.231,0.769,58
143,ctvnews,Mon May 11 22:15:15 +0000 2020,U.S. resorts prepare for summer guests despite pandemic concerns https://t.co/TeQnmlmqSR https://t.co/cD4GGXHayU,0.0,0.0,0.0,1.0,57
144,ctvnews,Mon May 11 22:06:52 +0000 2020,Grammy-winning 1970s soul singer Betty Wright dies at 66 https://t.co/En56UxK3t4 https://t.co/Y1Z7y6k3iO,0.0,0.0,0.0,1.0,56
145,ctvnews,Mon May 11 21:49:07 +0000 2020,"Alberta announces 49 more cases of COVID-19, bringing total to 6,300, and two more deaths at continuing care homes https://t.co/5m5fREwJo7",0.4939,0.144,0.0,0.856,55
146,ctvnews,Mon May 11 21:45:16 +0000 2020,Shanghai Disneyland reopens with anti-virus controls https://t.co/GFUf6ACRBP https://t.co/oOrZs8rTM9,0.0,0.0,0.0,1.0,54
147,ctvnews,Mon May 11 21:30:41 +0000 2020,"Funds to fight COVID-19 in meat plants might not move for months, feds say https://t.co/CMBg7czwLL https://t.co/UtGOrDKrwO",-0.3818,0.0,0.148,0.852,53
148,ctvnews,Mon May 11 21:15:08 +0000 2020,Pattie Lovett-Reid: Is it time to invest in the markets during the coronavirus pandemic? https://t.co/l856dQ5C9Q https://t.co/j3uaWH6049,0.0,0.0,0.0,1.0,52
149,ctvnews,Mon May 11 21:01:18 +0000 2020,"He suspected the buzzing in his ceiling were bees. He just didn't expect to find 100,000 of them‚Ä¶ https://t.co/ph6UOBezBF",-0.2263,0.0,0.095,0.905,51
150,ctvnews,Mon May 11 20:45:32 +0000 2020,Matt Lucas' spoof of Boris Johnson's coronavirus announcement takes off online https://t.co/3axb1kn59c https://t.co/lABEE7R8fJ,0.0,0.0,0.0,1.0,50
151,ctvnews,Mon May 11 20:30:21 +0000 2020,'I won't go': Cheers and tears as Europe's kids go back to school https://t.co/ncBaW4yPUc https://t.co/wbCEqBjS58,-0.5352,0.0,0.255,0.745,49
152,ctvnews,Mon May 11 20:28:45 +0000 2020,Watch: Wild bear breaks into cabin with people inside https://t.co/wvWXHaMSQy,0.0,0.0,0.0,1.0,48
153,ctvnews,Mon May 11 20:15:25 +0000 2020,Danish priest who proclaimed that there is no God has died at 72 https://t.co/FBmG8I5GIU https://t.co/y0iLK6684o,-0.6613,0.0,0.294,0.706,47
154,ctvnews,Mon May 11 20:02:09 +0000 2020,'Double Rainbow Guy' Paul Vasquez has died https://t.co/MpqcbJKljS https://t.co/mquq7zamET,-0.5574,0.0,0.31,0.69,46
155,ctvnews,Mon May 11 19:45:28 +0000 2020,"As countries restart, WHO warns about lack of virus tracing https://t.co/z18lzLW8cc https://t.co/4JA7Xime2o",-0.4019,0.0,0.27,0.73,45
156,ctvnews,Mon May 11 19:30:21 +0000 2020,World has done a 180 in the year since Leonard's Game 7 buzzer-beater https://t.co/Leuo7CM7MV https://t.co/XGgkKSTogq,0.0,0.0,0.0,1.0,44
157,ctvnews,Mon May 11 19:19:34 +0000 2020,Decision on whether Ontario schools will reopen this year coming 'early next week' https://t.co/jPF3nkb3eH,0.0,0.0,0.0,1.0,43
158,ctvnews,Mon May 11 19:15:26 +0000 2020,Rapper Nick Blixky fatally shot in NYC; no suspect arrested https://t.co/OLQtryBQ0B https://t.co/9hD4vGRrUO,-0.1921,0.252,0.238,0.51,42
159,ctvnews,Mon May 11 19:05:00 +0000 2020,"Que. Premier Legault made a plea to health-care workers who have recovered after testing positive for COVID-19: ""Pl‚Ä¶ https://t.co/agqFEbtD6I",0.5574,0.167,0.0,0.833,41
160,ctvnews,Mon May 11 18:59:26 +0000 2020,Couple married nearly 61 years die on same day from COVID-19 https://t.co/GZpgSQIMTs https://t.co/WEheB9r3wF,-0.5994,0.0,0.245,0.755,40
161,ctvnews,Mon May 11 18:47:36 +0000 2020,COVID-19 curves: Compare Canada and other key nations https://t.co/Lquq9J2AyW #coronavirus #covid19,0.0,0.0,0.0,1.0,39
162,ctvnews,Mon May 11 18:46:38 +0000 2020,Trapped in paradise: Breaking quarantine could mean prison time for tourists in Hawaii https://t.co/PrUzFg3uGy https://t.co/SDOLl4SliX,-0.3612,0.183,0.293,0.524,38
163,ctvnews,Mon May 11 18:30:01 +0000 2020,No more panic buying? StatCan says grocery spending is slipping back to normal levels https://t.co/O8VeoXKHJI https://t.co/FIpzY3CBIl,0.2011,0.156,0.115,0.729,37
164,ctvnews,Mon May 11 18:30:00 +0000 2020,Ont. Premier Doug Ford says the provincial government is focused on ensuring that baking staples remain on grocery‚Ä¶ https://t.co/legjpAXNco,0.5719,0.217,0.0,0.783,36
165,ctvnews,Mon May 11 18:19:51 +0000 2020,U.S. government analysis shows thousands more may have died of COVID-19 in New York City than official tally shows https://t.co/OxkzR8aPwd,-0.5945,0.0,0.169,0.831,35
166,ctvnews,Mon May 11 18:15:24 +0000 2020,5 hurt in shooting at Texas park where hundreds gathered https://t.co/0a3KNj59ZI https://t.co/i3FiZOLbt3,-0.5267,0.0,0.236,0.764,34
167,ctvnews,Mon May 11 18:07:53 +0000 2020,MPs returning to House of Commons Wednesday to fast-track federal help for dairy farmers https://t.co/ozb5nTll3i,0.4019,0.162,0.0,0.838,33
168,ctvnews,Mon May 11 18:06:30 +0000 2020,ICYMI: Rare blue dragons are washing up on a Texas seashore https://t.co/991g0unELx,0.0,0.0,0.0,1.0,32
169,ctvnews,Mon May 11 18:05:00 +0000 2020,"""We have bigger fish to fry then to argue with each other"": Ont. Premier Doug Ford was asked if the COVID-19 pandem‚Ä¶ https://t.co/0psd0yFv46",-0.34,0.0,0.098,0.902,31
170,ctvnews,Mon May 11 18:00:32 +0000 2020,"80 million Chinese may already be out of work. 9 million more will soon be competing for jobs, too‚Ä¶ https://t.co/kobR7NUJQ2",0.0,0.0,0.0,1.0,30
171,ctvnews,Mon May 11 17:45:46 +0000 2020,"Saudi Arabia triples taxes, cuts US$26B in costs amid pandemic  https://t.co/ncFs8f6rnm",-0.296,0.0,0.18,0.82,29
172,ctvnews,Mon May 11 17:45:22 +0000 2020,U.S. resorts prepare for summer guests despite pandemic concerns https://t.co/mzBwlfgnwq https://t.co/gDADci7lZP,0.0,0.0,0.0,1.0,28
173,ctvnews,Mon May 11 17:40:39 +0000 2020,Kansas man who sought trial by sword fight now wants ex-wife evaluated  https://t.co/o2A3xjq10g,-0.3818,0.0,0.178,0.822,27
174,ctvnews,Mon May 11 17:30:12 +0000 2020,Grammy-winning 1970s soul singer Betty Wright dies at 66 https://t.co/juK6aGbFCb https://t.co/2FfnLKe5S2,0.0,0.0,0.0,1.0,26
175,ctvnews,Mon May 11 17:24:42 +0000 2020,Ministers and health officials respond to questions about the reopening of schools and businesses amid the COVID-19‚Ä¶ https://t.co/8x54nsl1il,0.0,0.0,0.0,1.0,25
176,ctvnews,Mon May 11 17:19:37 +0000 2020,"Quebec reports 85 new COVID-19 deaths as confirmed cases surpass 38,000 https://t.co/pLhfyZkg7c",0.0,0.0,0.0,1.0,24
177,ctvnews,Mon May 11 17:15:15 +0000 2020,Singapore's foreign workers blind spot during COVID-19 response https://t.co/mCBvZ9ur6c https://t.co/nfFVYO6ZF7,-0.4019,0.0,0.231,0.769,23
178,ctvnews,Mon May 11 17:02:27 +0000 2020,Pattie Lovett-Reid: Is it time to invest in the markets during the coronavirus pandemic? https://t.co/zcYeQTda6v https://t.co/40KwYvlFQx,0.0,0.0,0.0,1.0,22
179,ctvnews,Mon May 11 16:58:34 +0000 2020,Putin lifts Russia's stay-at-home orders as cases soar https://t.co/RNvINFuPno,0.0,0.0,0.0,1.0,21
180,ctvnews,Mon May 11 16:45:16 +0000 2020,Lebanon faces grave threat to stability as poverty mounts https://t.co/FYEIhI1PrO https://t.co/2qApTxCXjp,-0.8519,0.0,0.538,0.462,20
181,ctvnews,Mon May 11 16:39:22 +0000 2020,Canada's Chief Public Health Officer Dr. Theresa Tam gives an update on COVID-19 cases across the country. Read mor‚Ä¶ https://t.co/bFAxklNpt5,0.0,0.0,0.0,1.0,19
182,ctvnews,Mon May 11 16:31:22 +0000 2020,Shanghai Disneyland reopens with anti-virus controls https://t.co/C0l11W2mk6 https://t.co/79VbKnfI1N,0.0,0.0,0.0,1.0,18
183,ctvnews,Mon May 11 16:28:21 +0000 2020,Prime Minister Justin Trudeau breaks down the government‚Äôs objectives as they continue to roll out aid to ensure Ca‚Ä¶ https://t.co/Y09dYD84vh,0.3818,0.12,0.0,0.88,17
184,ctvnews,Mon May 11 16:26:00 +0000 2020,Nova Scotia mass killer's semi-automatic guns believed to have come from U.S. https://t.co/faW9Wv9nXU,0.0,0.0,0.0,1.0,16
185,ctvnews,Mon May 11 16:15:35 +0000 2020,Matt Lucas' spoof of Boris Johnson's coronavirus announcement takes off online https://t.co/hFtgfrueBf https://t.co/zO1qXuigAD,0.0,0.0,0.0,1.0,15
186,ctvnews,Mon May 11 16:08:31 +0000 2020,PM responds to question about tax evasion and new government support for big businesses. https://t.co/61K4sqohEZ https://t.co/NxtBmpGVvK,0.4019,0.153,0.0,0.847,14
187,ctvnews,Mon May 11 16:01:35 +0000 2020,'I won't go': Cheers and tears as Europe's kids go back to school https://t.co/kLrIvAmc04 https://t.co/8aw5FNi9R6,-0.5352,0.0,0.255,0.745,13
188,ctvnews,Mon May 11 15:58:16 +0000 2020,UPDATED Police-escorted motorcade to accompany remains of helicopter crash victim https://t.co/r6l7ZjUXgJ,-0.5859,0.0,0.348,0.652,12
189,ctvnews,Mon May 11 15:56:02 +0000 2020,'Heavy handed' approach would force inspectors into infected plants: Union  https://t.co/jJ4DbG5ocK #cdnpoli,-0.4939,0.0,0.225,0.775,11
190,ctvnews,Mon May 11 15:43:55 +0000 2020,"In Japan, it's about to be the first Sunday night without a new episode of 'Sazae-san' since 1975 https://t.co/o02b7psGrf",0.0,0.0,0.0,1.0,10
191,ctvnews,Mon May 11 15:42:41 +0000 2020,"UPDATED: PM Trudeau says feds offering loans, 'not bailouts' to large companies to stay afloat amid COVID-19‚Ä¶ https://t.co/il9i6WmiNh",0.0,0.0,0.0,1.0,9
192,ctvnews,Mon May 11 15:41:52 +0000 2020,Danish priest who proclaimed that there is no God has died at 72  https://t.co/9SltNBb8go https://t.co/q2Amj7qTPC,-0.6613,0.0,0.294,0.706,8
193,ctvnews,Mon May 11 15:31:02 +0000 2020,Scheer backs Liberal Taiwan push at WHO as move long advocated by Conservatives https://t.co/rM3sjMcoYx #cdnpoli,-0.0516,0.0,0.079,0.921,7
194,ctvnews,Mon May 11 15:17:49 +0000 2020,Maltese ambassador resigns after comparing Merkel to Hitler  https://t.co/ZJ1aXEVKrA,-0.3182,0.0,0.223,0.777,6
195,ctvnews,Mon May 11 15:14:57 +0000 2020,"Smart Talk on COVID-19 w @ToddCTV 
This week: Risky business: balancing health, recovery &amp; risk w @TorontoIDDoc &amp;‚Ä¶ https://t.co/XTvO7G8FJg",-0.0516,0.119,0.173,0.708,5
196,ctvnews,Mon May 11 14:54:59 +0000 2020,"Business is booming for these companies during the COVID-19 pandemic
 https://t.co/k12HFbrCwu",0.0,0.0,0.0,1.0,4
197,ctvnews,Mon May 11 14:51:37 +0000 2020,"Still no sign of missing boy Dylan Ehler after weekend recovery operation in Truro, N.S. https://t.co/gv5d64nGnP https://t.co/vOTbSmqEJo",-0.5267,0.0,0.227,0.773,3
198,ctvnews,Mon May 11 14:43:28 +0000 2020,Canadian student named first black valedictorian in Princeton University's history https://t.co/8nLEN0KaoU,0.0,0.0,0.0,1.0,2
199,ctvnews,Mon May 11 14:42:37 +0000 2020,U.K. government's about-face on masks as lockdown-easing steps spark confusion https://t.co/MtSQXQcKIt,-0.0772,0.145,0.168,0.687,1
200,CNN,Tue May 12 02:50:05 +0000 2020,Yale-New Haven Hospital is reporting three cases of the mysterious inflammatory syndrome seen in children that heal‚Ä¶ https://t.co/2nqRg5nGAF,0.0,0.0,0.0,1.0,100
201,CNN,Tue May 12 02:49:06 +0000 2020,President Trump said that Vice President Mike Pence has tested negative for coronavirus again today https://t.co/dn6GAWSpC2,-0.5719,0.0,0.198,0.802,99
202,CNN,Tue May 12 02:45:37 +0000 2020,"A 10-year-old who has tested positive for Covid-19 is on a ventilator, Kentucky Gov. Andy Beshear announced.

Accor‚Ä¶ https://t.co/etfARizZvb",0.5574,0.167,0.0,0.833,98
203,CNN,Tue May 12 02:40:00 +0000 2020,"""It's not when we can open a business, it's when the customers feel comfortable coming into that restaurant,"" says‚Ä¶ https://t.co/4BS1h5zSXE",0.5106,0.148,0.0,0.852,97
204,CNN,Tue May 12 02:34:05 +0000 2020,The House plans to introduce a bipartisan bill to create a National Public Health Corps that would employ hundreds‚Ä¶ https://t.co/p03tlsKFi7,0.2732,0.1,0.0,0.9,96
205,CNN,Tue May 12 02:31:06 +0000 2020,"South Carolina Gov. Henry McMaster announced that close contact service providers, fitness and exercise centers, co‚Ä¶ https://t.co/Y9WtKrbLzJ",0.2732,0.116,0.0,0.884,95
206,CNN,Tue May 12 02:30:00 +0000 2020,"Former presidential adviser David Gergen says the biggest problem for the Trump administration ""is that there is no‚Ä¶ https://t.co/XVEJN79Ux7",-0.4019,0.0,0.13,0.87,94
207,CNN,Tue May 12 02:27:04 +0000 2020,"""Our legal system purports to place no person above the law. The court's decision on Trump's tax returns will tell‚Ä¶ https://t.co/hXSfRSQWkL",-0.1779,0.066,0.097,0.837,93
208,CNN,Tue May 12 02:24:04 +0000 2020,The Supreme Court will hear three cases on Tuesday that present its most important exploration of the separation of‚Ä¶ https://t.co/qUPHQsZnBU,0.7828,0.316,0.0,0.684,92
209,CNN,Tue May 12 02:15:30 +0000 2020,RT @CuomoPrimeTime: The man behind the video of the Ahmaud Arbery shooting declines to answer some of @ChrisCuomo‚Äôs questions but says he i‚Ä¶,0.0,0.0,0.0,1.0,91
210,CNN,Tue May 12 02:15:17 +0000 2020,"A registered nurse who left his family to help as a front line nurse in NYC has returned home after 5 weeks.

Watch‚Ä¶ https://t.co/EC7YvOSyye",0.4019,0.105,0.0,0.895,90
211,CNN,Tue May 12 02:14:39 +0000 2020,Navajo Nation President Jonathan Nez says he fully supports South Dakota Sioux tribes in refusing to take down chec‚Ä¶ https://t.co/lgKVuMg6ew,0.024,0.119,0.115,0.766,89
212,CNN,Tue May 12 02:10:00 +0000 2020,‚ÄúI think there are different areas of California that have more cases than others and so the ability to move faster‚Ä¶ https://t.co/Fd5gbqa3zk,0.3774,0.109,0.0,0.891,88
213,CNN,Tue May 12 02:04:43 +0000 2020,"Watch this robot patrol a park to encourage social distancing. Spot, a four-legged ""dog"" designed by Boston Dynamic‚Ä¶ https://t.co/FS0L0systx",0.5106,0.155,0.0,0.845,87
214,CNN,Tue May 12 02:03:54 +0000 2020,"The United States has recorded more than 1.3 million cases of coronavirus and 80,000 related deaths, according to a‚Ä¶ https://t.co/yVZQlXaCEx",0.4215,0.128,0.0,0.872,86
215,CNN,Tue May 12 02:02:40 +0000 2020,President Trump and his administration have announced that the federal government is sending $11 billion to states‚Ä¶ https://t.co/ol9RYVLoS8,0.0,0.0,0.0,1.0,85
216,CNN,Tue May 12 01:58:42 +0000 2020,"Even without spectators in the seats, NFL games could be the ""perfect set up for spreading"" coronavirus, Dr. Anthon‚Ä¶ https://t.co/e24AxGG7Io",0.5719,0.163,0.0,0.837,84
217,CNN,Tue May 12 01:50:00 +0000 2020,Ohio Gov. Mike DeWine says he doesn‚Äôt agree with President Trump‚Äôs claim that the US has ‚Äúprevailed on testing‚Äù and‚Ä¶ https://t.co/KPtnbMR2GS,0.3612,0.111,0.0,0.889,83
218,CNN,Tue May 12 01:49:20 +0000 2020,"Surveillance video at a Target store in Van Nuys, California, shows two men assaulting an employee after they were‚Ä¶ https://t.co/0tS3g5cl0u",-0.5106,0.0,0.148,0.852,82
219,CNN,Tue May 12 01:46:30 +0000 2020,Inmates at a Los Angeles County correctional facility drank from the same cup with the purpose of infecting one ano‚Ä¶ https://t.co/MC73yg5FlL,0.0,0.0,0.0,1.0,81
220,CNN,Tue May 12 02:50:05 +0000 2020,Yale-New Haven Hospital is reporting three cases of the mysterious inflammatory syndrome seen in children that heal‚Ä¶ https://t.co/2nqRg5nGAF,0.0,0.0,0.0,1.0,80
221,CNN,Tue May 12 02:49:06 +0000 2020,President Trump said that Vice President Mike Pence has tested negative for coronavirus again today https://t.co/dn6GAWSpC2,-0.5719,0.0,0.198,0.802,79
222,CNN,Tue May 12 02:45:37 +0000 2020,"A 10-year-old who has tested positive for Covid-19 is on a ventilator, Kentucky Gov. Andy Beshear announced.

Accor‚Ä¶ https://t.co/etfARizZvb",0.5574,0.167,0.0,0.833,78
223,CNN,Tue May 12 02:40:00 +0000 2020,"""It's not when we can open a business, it's when the customers feel comfortable coming into that restaurant,"" says‚Ä¶ https://t.co/4BS1h5zSXE",0.5106,0.148,0.0,0.852,77
224,CNN,Tue May 12 02:34:05 +0000 2020,The House plans to introduce a bipartisan bill to create a National Public Health Corps that would employ hundreds‚Ä¶ https://t.co/p03tlsKFi7,0.2732,0.1,0.0,0.9,76
225,CNN,Tue May 12 02:31:06 +0000 2020,"South Carolina Gov. Henry McMaster announced that close contact service providers, fitness and exercise centers, co‚Ä¶ https://t.co/Y9WtKrbLzJ",0.2732,0.116,0.0,0.884,75
226,CNN,Tue May 12 02:30:00 +0000 2020,"Former presidential adviser David Gergen says the biggest problem for the Trump administration ""is that there is no‚Ä¶ https://t.co/XVEJN79Ux7",-0.4019,0.0,0.13,0.87,74
227,CNN,Tue May 12 02:27:04 +0000 2020,"""Our legal system purports to place no person above the law. The court's decision on Trump's tax returns will tell‚Ä¶ https://t.co/hXSfRSQWkL",-0.1779,0.066,0.097,0.837,73
228,CNN,Tue May 12 02:24:04 +0000 2020,The Supreme Court will hear three cases on Tuesday that present its most important exploration of the separation of‚Ä¶ https://t.co/qUPHQsZnBU,0.7828,0.316,0.0,0.684,72
229,CNN,Tue May 12 02:15:30 +0000 2020,RT @CuomoPrimeTime: The man behind the video of the Ahmaud Arbery shooting declines to answer some of @ChrisCuomo‚Äôs questions but says he i‚Ä¶,0.0,0.0,0.0,1.0,71
230,CNN,Tue May 12 02:15:17 +0000 2020,"A registered nurse who left his family to help as a front line nurse in NYC has returned home after 5 weeks.

Watch‚Ä¶ https://t.co/EC7YvOSyye",0.4019,0.105,0.0,0.895,70
231,CNN,Tue May 12 02:14:39 +0000 2020,Navajo Nation President Jonathan Nez says he fully supports South Dakota Sioux tribes in refusing to take down chec‚Ä¶ https://t.co/lgKVuMg6ew,0.024,0.119,0.115,0.766,69
232,CNN,Tue May 12 02:10:00 +0000 2020,‚ÄúI think there are different areas of California that have more cases than others and so the ability to move faster‚Ä¶ https://t.co/Fd5gbqa3zk,0.3774,0.109,0.0,0.891,68
233,CNN,Tue May 12 02:04:43 +0000 2020,"Watch this robot patrol a park to encourage social distancing. Spot, a four-legged ""dog"" designed by Boston Dynamic‚Ä¶ https://t.co/FS0L0systx",0.5106,0.155,0.0,0.845,67
234,CNN,Tue May 12 02:03:54 +0000 2020,"The United States has recorded more than 1.3 million cases of coronavirus and 80,000 related deaths, according to a‚Ä¶ https://t.co/yVZQlXaCEx",0.4215,0.128,0.0,0.872,66
235,CNN,Tue May 12 02:02:40 +0000 2020,President Trump and his administration have announced that the federal government is sending $11 billion to states‚Ä¶ https://t.co/ol9RYVLoS8,0.0,0.0,0.0,1.0,65
236,CNN,Tue May 12 01:58:42 +0000 2020,"Even without spectators in the seats, NFL games could be the ""perfect set up for spreading"" coronavirus, Dr. Anthon‚Ä¶ https://t.co/e24AxGG7Io",0.5719,0.163,0.0,0.837,64
237,CNN,Tue May 12 01:50:00 +0000 2020,Ohio Gov. Mike DeWine says he doesn‚Äôt agree with President Trump‚Äôs claim that the US has ‚Äúprevailed on testing‚Äù and‚Ä¶ https://t.co/KPtnbMR2GS,0.3612,0.111,0.0,0.889,63
238,CNN,Tue May 12 01:49:20 +0000 2020,"Surveillance video at a Target store in Van Nuys, California, shows two men assaulting an employee after they were‚Ä¶ https://t.co/0tS3g5cl0u",-0.5106,0.0,0.148,0.852,62
239,CNN,Tue May 12 01:46:30 +0000 2020,Inmates at a Los Angeles County correctional facility drank from the same cup with the purpose of infecting one ano‚Ä¶ https://t.co/MC73yg5FlL,0.0,0.0,0.0,1.0,61
240,CNN,Tue May 12 01:42:03 +0000 2020,‚ÄúI think what we saw in that exchange with Weijia Jiang is something that has racial overtones.‚Äù - @brianstelter on‚Ä¶ https://t.co/rSZDLGXOw9,0.0,0.0,0.0,1.0,60
241,CNN,Tue May 12 01:40:42 +0000 2020,"RT @AC360: President Trump says there is ‚Äúno reason‚Äù for many to get tested for coronavirus.

‚ÄúKeeping Them Honest, that‚Äôs not true now and‚Ä¶",0.2425,0.119,0.084,0.796,59
242,CNN,Tue May 12 01:36:23 +0000 2020,"‚ÄúIt‚Äôs a risk if you didn‚Äôt open up, it‚Äôs a risk if you do open up. We‚Äôre trying to do it at a measured pace‚Ä¶ We‚Äôve‚Ä¶ https://t.co/1mAixhMaXg",-0.4939,0.0,0.144,0.856,58
243,CNN,Tue May 12 01:35:07 +0000 2020,‚ÄúWe have not met the moment. We have not prevailed.‚Äù - Minneapolis Mayor @Jacob_Frey on Pres. Trump stating that th‚Ä¶ https://t.co/xiWt9hOSLQ,0.0,0.0,0.0,1.0,57
244,CNN,Tue May 12 01:30:28 +0000 2020,"The coronavirus pandemic, directly or indirectly, may have killed far more people in New York City than the officia‚Ä¶ https://t.co/jDuKe7zrB5",-0.6705,0.0,0.191,0.809,56
245,CNN,Tue May 12 01:28:19 +0000 2020,"Los Angeles is set to reopen beaches on Wednesday, the county says.

Physical activity like running, swimming and s‚Ä¶ https://t.co/42NKMByIWy",0.3612,0.116,0.0,0.884,55
246,CNN,Tue May 12 01:22:34 +0000 2020,President Trump abruptly ended his Monday press conference after a contentious exchange in which he asked an Asian‚Ä¶ https://t.co/dT0EcCUbZG,-0.296,0.0,0.109,0.891,54
247,CNN,Tue May 12 01:16:22 +0000 2020,Major League Baseball owners have finalized a plan that may allow the 2020 season to start on Fourth of July weeken‚Ä¶ https://t.co/jK2tTk2WGr,0.2263,0.083,0.0,0.917,53
248,CNN,Tue May 12 00:58:21 +0000 2020,"Billions of federal coronavirus relief dollars are flowing.

‚Ä¢ The good news: Your stimulus payment is all yours
‚Ä¢‚Ä¶ https://t.co/aQMPzxai4x",0.7184,0.25,0.0,0.75,52
249,CNN,Tue May 12 00:40:00 +0000 2020,"No one knows when concerts will return. But over the past several weeks, dozens of artists have announced live-stre‚Ä¶ https://t.co/GiG7eOkhKF",-0.1531,0.0,0.078,0.922,51
250,CNN,Tue May 12 00:24:23 +0000 2020,Mexican President Andres Manuel Lopez Obrador has ordered the Armed Forces to return to the streets for the next fi‚Ä¶ https://t.co/1rHmUCZfee,0.0,0.0,0.0,1.0,50
251,CNN,Tue May 12 00:09:18 +0000 2020,"""Russian President Vladimir Putin seems to be following some of the central pages of President Donald Trump's playb‚Ä¶ https://t.co/0YhRUK9bvS",0.0,0.0,0.0,1.0,49
252,CNN,Mon May 11 23:51:09 +0000 2020,"Some restaurants are using shower curtains, stained glass and lots of plants to keep diners safe during the coronav‚Ä¶ https://t.co/dzs88yMLpX",0.4404,0.132,0.0,0.868,48
253,CNN,Mon May 11 23:33:36 +0000 2020,President Trump abruptly ended his Monday press conference after a contentious exchange in which he asked an Asian-‚Ä¶ https://t.co/9DBCGcDgK5,-0.296,0.0,0.109,0.891,47
254,CNN,Mon May 11 23:15:42 +0000 2020,We Leroy Jenkins-ed the reopening of our country.  Except that this reopening is all too real. | Analysis by‚Ä¶ https://t.co/6e5cNoyqxD,0.0,0.0,0.0,1.0,46
255,CNN,Mon May 11 23:12:04 +0000 2020,"""Yelling at people doesn't usually elicit their love. Unless the person doing the screaming is Jerry Stiller,""‚Ä¶ https://t.co/w918Ta2wrk",0.3818,0.184,0.114,0.702,45
256,CNN,Mon May 11 22:55:59 +0000 2020,Twitter says it plans to put labels and warning messages on some tweets that contain disputed or misleading informa‚Ä¶ https://t.co/UDnuZ7p4XG,-0.7579,0.0,0.306,0.694,44
257,CNN,Mon May 11 22:45:03 +0000 2020,Two people were arrested and charged with aggravated harassment as a hate crime Sunday after New York officials say‚Ä¶ https://t.co/czGMaWHHfF,-0.9552,0.0,0.569,0.431,43
258,CNN,Mon May 11 22:29:55 +0000 2020,This man drove over 500 miles to bring his older sister protective equipment to the hospital where she works https://t.co/64phfX82cg,0.0,0.0,0.0,1.0,42
259,CNN,Mon May 11 22:14:29 +0000 2020,"The members of the Western States Pact ‚Äî California, Washington, Oregon, Colorado and Nevada ‚Äî are asking the feder‚Ä¶ https://t.co/OroguKwW4Z",0.0,0.0,0.0,1.0,41
260,CNN,Mon May 11 21:56:17 +0000 2020,The family of a black 17-year-old fatally shot in the back by a homeowner during an alleged car break-in in Sanford‚Ä¶ https://t.co/38tqJMdyT1,-0.6369,0.0,0.167,0.833,40
261,CNN,Mon May 11 21:55:50 +0000 2020,"The official US unemployment rate reached 14.7 percent, the highest number since tracking of the statistic began in‚Ä¶ https://t.co/JX0M1DcO5K",-0.296,0.125,0.134,0.741,39
262,CNN,Mon May 11 21:48:51 +0000 2020,"Doctors worried they might have to decide which patients would receive ventilators.

The US largely avoided that cr‚Ä¶ https://t.co/wq817xnPt6",-0.5574,0.0,0.213,0.787,38
263,CNN,Mon May 11 21:44:29 +0000 2020,"Tesla CEO Elon Musk says the automaker is restarting production in California against county rules. ""If anyone is a‚Ä¶ https://t.co/75Bi095pZz",0.0,0.0,0.0,1.0,37
264,CNN,Mon May 11 21:33:16 +0000 2020,"A new study ‚Äî the largest of its kind ‚Äî shows that hydroxychloroquine, the drug touted by President Trump, does not‚Ä¶ https://t.co/1zesyni2JT",0.4939,0.138,0.049,0.813,36
265,CNN,Mon May 11 21:32:13 +0000 2020,‚ÄúIt was like you let caged animals out ... and then they took it on the easiest prey‚Ä¶ They took it all out on this‚Ä¶ https://t.co/biw3Vbglif,0.6486,0.181,0.0,0.819,35
266,CNN,Mon May 11 21:31:26 +0000 2020,‚ÄúIt wasn‚Äôt like your common cold or flu. It kind of felt like I couldn‚Äôt really do anything because I was in a lot‚Ä¶ https://t.co/BNhGJ0Mpfo,0.34,0.169,0.088,0.743,34
267,CNN,Mon May 11 21:30:13 +0000 2020,Trump and Pence would do well to look at what happened on the other side of the pond before carrying on as normal.‚Ä¶ https://t.co/VxkXS2IvbQ,0.2732,0.084,0.0,0.916,33
268,CNN,Mon May 11 21:22:00 +0000 2020,The first lady increased coronavirus prevention methods to include mandatory masks in the East Wing and in the resi‚Ä¶ https://t.co/SOxka6NSv8,0.34,0.159,0.0,0.841,32
269,CNN,Mon May 11 21:19:09 +0000 2020,People who haven't yet received a stimulus payment from the federal government face a Wednesday deadline to get dir‚Ä¶ https://t.co/DAIbOI9VOn,0.0,0.0,0.0,1.0,31
270,CNN,Mon May 11 21:12:06 +0000 2020,"With fewer drivers on the road during the coronavirus pandemic, police in the Toronto region have charged at least‚Ä¶ https://t.co/DZeRiPXvng",-0.2023,0.0,0.087,0.913,30
271,CNN,Mon May 11 21:09:42 +0000 2020,"JUST IN: The death toll from coronavirus in the US has passed 80,000, according to data from Johns Hopkins Universi‚Ä¶ https://t.co/TPfjnyu8mA",-0.5994,0.0,0.163,0.837,29
272,CNN,Mon May 11 21:02:03 +0000 2020,"House Democrats are pushing ahead with a far-reaching Covid-19 recovery package, setting up a clash with the Trump‚Ä¶ https://t.co/90AxAmm6wV",0.0,0.0,0.0,1.0,28
273,CNN,Mon May 11 20:56:03 +0000 2020,"A Georgia man discovered an infestation of approximately 100,000 bees living in the ceiling of his recently purchas‚Ä¶ https://t.co/bwPUDEPmIF",0.0,0.0,0.0,1.0,27
274,CNN,Mon May 11 20:48:55 +0000 2020,"RT @CNNBusiness: US stocks closed mixed on Monday, with the Dow giving back some of last week‚Äôs gains. The Dow finished down 0.5%, or 109 p‚Ä¶",0.5859,0.167,0.0,0.833,26
275,CNN,Mon May 11 20:48:35 +0000 2020,How has Florida kept coronavirus in check with official shutdown orders so much later there than in other states?‚Ä¶ https://t.co/TrWue7BOMR,0.0,0.0,0.0,1.0,25
276,CNN,Mon May 11 20:43:05 +0000 2020,Actor @McConaughey details his campaigns to unite the nation in a non-partisan effort to defeat the coronavirus pan‚Ä¶ https://t.co/hMh0EMPsP3,-0.4588,0.0,0.143,0.857,24
277,CNN,Mon May 11 20:39:14 +0000 2020,"More than two decades after Tony Hawk became the first person to land a 900-degree turn, this 11-year-old added ano‚Ä¶ https://t.co/rxRzOr6CIY",0.0,0.0,0.0,1.0,23
278,CNN,Mon May 11 20:30:05 +0000 2020,"The economy is plummeting, and tens of millions of Americans need to get back to work. But at what cost?

As states‚Ä¶ https://t.co/HPFQAPcNUe",0.0,0.0,0.0,1.0,22
279,CNN,Mon May 11 20:23:20 +0000 2020,"More than two decades after Tony Hawk became the first person to land a 900-degree turn, this 11-year-old added ano‚Ä¶ https://t.co/ap3woXoxJ1",0.0,0.0,0.0,1.0,21
280,CNN,Mon May 11 20:19:38 +0000 2020,"A memo says it is now required for all staffers entering the West Wing of the White House to wear a face covering,‚Ä¶ https://t.co/PbuC3ZTyn5",0.0,0.0,0.0,1.0,20
281,CNN,Mon May 11 20:10:06 +0000 2020,"Nearly 2,000 former DOJ employees criticized AG William Barr for moving to drop the charges against former national‚Ä¶ https://t.co/0fAXUsjLZ6",-0.6908,0.0,0.295,0.705,19
282,CNN,Mon May 11 20:09:27 +0000 2020,Participants at a food supply roundtable convened by Vice President Mike Pence in Iowa on Friday removed their face‚Ä¶ https://t.co/2RLIvEAmbK,0.0,0.0,0.0,1.0,18
283,CNN,Mon May 11 20:00:08 +0000 2020,"Whether you're trying to advance your career or you're actively looking for a job, networking should be common prac‚Ä¶ https://t.co/7nrP9kSmwr",0.3182,0.108,0.0,0.892,17
284,CNN,Mon May 11 19:50:06 +0000 2020,"A special election to fill the seat held by former Democratic Rep. Katie Hill, who resigned amid scandal in late 20‚Ä¶ https://t.co/9TCagBaxMK",-0.296,0.102,0.184,0.714,16
285,CNN,Mon May 11 19:40:07 +0000 2020,"The coronavirus recession is devastating America's labor market ‚Äî and by almost every measure, it's worse for women‚Ä¶ https://t.co/96aouLH9Pe",-0.8807,0.0,0.389,0.611,15
286,CNN,Mon May 11 19:30:06 +0000 2020,South Dakota Gov. Kristi Noem's standoff with the leaders of two Native American tribes over their coronavirus chec‚Ä¶ https://t.co/nFugjA9SMs,0.0,0.0,0.0,1.0,14
287,CNN,Mon May 11 19:20:06 +0000 2020,"Dr. Anthony Fauci, a key member of the White House coronavirus task force, inspired the romantic hero in ""Happy End‚Ä¶ https://t.co/fmV9kMkVnn",0.9217,0.437,0.0,0.563,13
288,CNN,Mon May 11 19:10:05 +0000 2020,"One day after reopening, an ice cream shop was forced to temporarily close because customers didn't follow social d‚Ä¶ https://t.co/hlBW1jA1Wh",-0.4588,0.0,0.136,0.864,12
289,CNN,Mon May 11 19:00:15 +0000 2020,"Actor and comedian Jerry Stiller, who starred in ""Seinfeld,"" ""The King of Queens"" and ""Zoolander"" has died due to n‚Ä¶ https://t.co/q3853gvHOb",-0.25,0.103,0.143,0.754,11
290,CNN,Mon May 11 18:50:07 +0000 2020,"""While it may take a global pandemic to finally acknowledge the capability women leaders have, companies shouldn't‚Ä¶ https://t.co/dj8bkGSauo",0.0,0.0,0.0,1.0,10
291,CNN,Mon May 11 18:40:07 +0000 2020,"The novel coronavirus can persist in men's semen even after they have begun to recover, a finding that raises the p‚Ä¶ https://t.co/9SGMIovqPk",0.3182,0.099,0.0,0.901,9
292,CNN,Mon May 11 18:30:11 +0000 2020,Climate activist Greta Thunberg is donating prize money she won to help fight the coronavirus pandemic and protect‚Ä¶ https://t.co/F1UwfUp4Ap,0.7964,0.355,0.095,0.549,8
293,CNN,Mon May 11 18:20:06 +0000 2020,"Future pandemics are likely to be more frequent, deadly, and will spread more rapidly, unless we stop the widesprea‚Ä¶ https://t.co/vbn8pxSjBc",-0.296,0.0,0.104,0.896,7
294,CNN,Mon May 11 18:10:04 +0000 2020,"China has given a point-by-point rebuttal of the 24 ""preposterous allegations and lies"" that it said were fabricate‚Ä¶ https://t.co/OZNHYUlybh",-0.4215,0.0,0.135,0.865,6
295,CNN,Mon May 11 18:04:38 +0000 2020,"Actor and comedian Jerry Stiller has died due to natural causes, his son, actor Ben Stiller said in a tweet. He was‚Ä¶ https://t.co/9TxLQeWOXy",0.128,0.178,0.125,0.697,5
296,CNN,Mon May 11 17:47:56 +0000 2020,"Princeton University has named its first black valedictorian in the school's 274-year ‚Äî Nicholas Johnson, a Canadia‚Ä¶ https://t.co/4iYHqDrILC",0.0,0.0,0.0,1.0,4
297,CNN,Mon May 11 17:30:04 +0000 2020,"The bill is expected to mirror ‚Äî and potentially go beyond ‚Äî the $2 trillion measure enacted in late March, which w‚Ä¶ https://t.co/DpxbT0gKak",0.0,0.0,0.0,1.0,3
298,CNN,Mon May 11 17:30:00 +0000 2020,‚ÄúWe literally put the economy into a coma. I think of it as the ‚Äògreat paralysis‚Äô rather than the Great Depression.‚Ä¶ https://t.co/gcWP8RKuB9,0.6249,0.163,0.0,0.837,2
299,CNN,Mon May 11 17:20:08 +0000 2020,The folded hands emoji üôè has popped up in more tweets than ever before to help express our feelings about seemingly‚Ä¶ https://t.co/KuvT0iJNni,0.4019,0.109,0.0,0.891,1
300,FoxNews,Tue May 12 02:32:04 +0000 2020,https://t.co/Vi3UjwDzGl,0.0,0.0,0.0,1.0,100
301,FoxNews,Tue May 12 01:36:35 +0000 2020,https://t.co/URYC8sMLyr,0.0,0.0,0.0,1.0,99
302,FoxNews,Tue May 12 00:32:07 +0000 2020,https://t.co/fm2pOOX35f,0.0,0.0,0.0,1.0,98
303,FoxNews,Mon May 11 23:18:46 +0000 2020,https://t.co/OeFKx015sD,0.0,0.0,0.0,1.0,97
304,FoxNews,Mon May 11 21:34:31 +0000 2020,https://t.co/E0XAqsYJ0n,0.0,0.0,0.0,1.0,96
305,FoxNews,Mon May 11 20:25:16 +0000 2020,https://t.co/ZvmRx0byXy,0.0,0.0,0.0,1.0,95
306,FoxNews,Mon May 11 01:47:21 +0000 2020,https://t.co/ad619wikI4,0.0,0.0,0.0,1.0,94
307,FoxNews,Mon May 11 00:45:54 +0000 2020,https://t.co/YBI6JyAWfy,0.0,0.0,0.0,1.0,93
308,FoxNews,Sun May 10 23:33:04 +0000 2020,https://t.co/In1tssRa1F,0.0,0.0,0.0,1.0,92
309,FoxNews,Sun May 10 21:53:30 +0000 2020,https://t.co/6frmDZ6QIu,0.0,0.0,0.0,1.0,91
310,FoxNews,Sun May 10 19:52:57 +0000 2020,https://t.co/1usfwjlPMa,0.0,0.0,0.0,1.0,90
311,FoxNews,Sun May 10 18:51:53 +0000 2020,https://t.co/tvT1MRDGhy,0.0,0.0,0.0,1.0,89
312,FoxNews,Sun May 10 01:51:23 +0000 2020,https://t.co/mIjaXCJZPK,0.0,0.0,0.0,1.0,88
313,FoxNews,Sat May 09 22:50:53 +0000 2020,https://t.co/dD1TeTBPmx,0.0,0.0,0.0,1.0,87
314,FoxNews,Sat May 09 21:53:34 +0000 2020,https://t.co/5DcqLO3d63,0.0,0.0,0.0,1.0,86
315,FoxNews,Sat May 09 21:13:23 +0000 2020,https://t.co/uHoWlcb8Ce,0.0,0.0,0.0,1.0,85
316,FoxNews,Sat May 09 20:32:56 +0000 2020,https://t.co/ClEuXem9HZ,0.0,0.0,0.0,1.0,84
317,FoxNews,Sat May 09 19:57:20 +0000 2020,https://t.co/wlBPHiAzu8,0.0,0.0,0.0,1.0,83
318,FoxNews,Sat May 09 18:11:24 +0000 2020,https://t.co/4L0kSKWupP,0.0,0.0,0.0,1.0,82
319,FoxNews,Sat May 09 17:20:01 +0000 2020,https://t.co/MdE7Xw3qk4,0.0,0.0,0.0,1.0,81
320,FoxNews,Tue May 12 02:32:04 +0000 2020,https://t.co/Vi3UjwDzGl,0.0,0.0,0.0,1.0,80
321,FoxNews,Tue May 12 01:36:35 +0000 2020,https://t.co/URYC8sMLyr,0.0,0.0,0.0,1.0,79
322,FoxNews,Tue May 12 00:32:07 +0000 2020,https://t.co/fm2pOOX35f,0.0,0.0,0.0,1.0,78
323,FoxNews,Mon May 11 23:18:46 +0000 2020,https://t.co/OeFKx015sD,0.0,0.0,0.0,1.0,77
324,FoxNews,Mon May 11 21:34:31 +0000 2020,https://t.co/E0XAqsYJ0n,0.0,0.0,0.0,1.0,76
325,FoxNews,Mon May 11 20:25:16 +0000 2020,https://t.co/ZvmRx0byXy,0.0,0.0,0.0,1.0,75
326,FoxNews,Mon May 11 01:47:21 +0000 2020,https://t.co/ad619wikI4,0.0,0.0,0.0,1.0,74
327,FoxNews,Mon May 11 00:45:54 +0000 2020,https://t.co/YBI6JyAWfy,0.0,0.0,0.0,1.0,73
328,FoxNews,Sun May 10 23:33:04 +0000 2020,https://t.co/In1tssRa1F,0.0,0.0,0.0,1.0,72
329,FoxNews,Sun May 10 21:53:30 +0000 2020,https://t.co/6frmDZ6QIu,0.0,0.0,0.0,1.0,71
330,FoxNews,Sun May 10 19:52:57 +0000 2020,https://t.co/1usfwjlPMa,0.0,0.0,0.0,1.0,70
331,FoxNews,Sun May 10 18:51:53 +0000 2020,https://t.co/tvT1MRDGhy,0.0,0.0,0.0,1.0,69
332,FoxNews,Sun May 10 01:51:23 +0000 2020,https://t.co/mIjaXCJZPK,0.0,0.0,0.0,1.0,68
333,FoxNews,Sat May 09 22:50:53 +0000 2020,https://t.co/dD1TeTBPmx,0.0,0.0,0.0,1.0,67
334,FoxNews,Sat May 09 21:53:34 +0000 2020,https://t.co/5DcqLO3d63,0.0,0.0,0.0,1.0,66
335,FoxNews,Sat May 09 21:13:23 +0000 2020,https://t.co/uHoWlcb8Ce,0.0,0.0,0.0,1.0,65
336,FoxNews,Sat May 09 20:32:56 +0000 2020,https://t.co/ClEuXem9HZ,0.0,0.0,0.0,1.0,64
337,FoxNews,Sat May 09 19:57:20 +0000 2020,https://t.co/wlBPHiAzu8,0.0,0.0,0.0,1.0,63
338,FoxNews,Sat May 09 18:11:24 +0000 2020,https://t.co/4L0kSKWupP,0.0,0.0,0.0,1.0,62
339,FoxNews,Sat May 09 17:20:01 +0000 2020,https://t.co/MdE7Xw3qk4,0.0,0.0,0.0,1.0,61
340,FoxNews,Sat May 09 13:10:34 +0000 2020,https://t.co/Klyd81lccF,0.0,0.0,0.0,1.0,60
341,FoxNews,Sat May 09 01:50:10 +0000 2020,https://t.co/htuXO8O9jH,0.0,0.0,0.0,1.0,59
342,FoxNews,Sat May 09 00:29:53 +0000 2020,https://t.co/W5DncnmicW,0.0,0.0,0.0,1.0,58
343,FoxNews,Fri May 08 23:43:06 +0000 2020,https://t.co/vUhX2hLjbk,0.0,0.0,0.0,1.0,57
344,FoxNews,Fri May 08 22:22:16 +0000 2020,https://t.co/McLGTVd0A2,0.0,0.0,0.0,1.0,56
345,FoxNews,Fri May 08 21:34:28 +0000 2020,https://t.co/69ALMLf9vg,0.0,0.0,0.0,1.0,55
346,FoxNews,Fri May 08 19:50:10 +0000 2020,https://t.co/hnVDGT9p8g,0.0,0.0,0.0,1.0,54
347,FoxNews,Fri May 08 19:09:39 +0000 2020,https://t.co/OCgQaHmNKk,0.0,0.0,0.0,1.0,53
348,FoxNews,Fri May 08 12:16:22 +0000 2020,https://t.co/deuBy3d21Q,0.0,0.0,0.0,1.0,52
349,FoxNews,Fri May 08 02:46:02 +0000 2020,https://t.co/V6gUIKB5fF,0.0,0.0,0.0,1.0,51
350,FoxNews,Fri May 08 01:53:04 +0000 2020,https://t.co/KR6L0uiuch,0.0,0.0,0.0,1.0,50
351,FoxNews,Fri May 08 00:40:01 +0000 2020,https://t.co/2T9vlE3XWF,0.0,0.0,0.0,1.0,49
352,FoxNews,Thu May 07 23:18:37 +0000 2020,https://t.co/LzDAUFj3sJ,0.0,0.0,0.0,1.0,48
353,FoxNews,Thu May 07 21:40:56 +0000 2020,https://t.co/wu9UbAeohW,0.0,0.0,0.0,1.0,47
354,FoxNews,Thu May 07 20:16:49 +0000 2020,https://t.co/YhdUMFGgnv,0.0,0.0,0.0,1.0,46
355,FoxNews,Thu May 07 01:56:17 +0000 2020,https://t.co/9ajtyxP09z,0.0,0.0,0.0,1.0,45
356,FoxNews,Thu May 07 00:46:36 +0000 2020,https://t.co/R0bqCL7xjX,0.0,0.0,0.0,1.0,44
357,FoxNews,Wed May 06 22:33:29 +0000 2020,https://t.co/H0hF5GEj37,0.0,0.0,0.0,1.0,43
358,FoxNews,Wed May 06 21:10:00 +0000 2020,https://t.co/jEj6LLIleb,0.0,0.0,0.0,1.0,42
359,FoxNews,Wed May 06 19:53:01 +0000 2020,https://t.co/CQdXWNaMPG,0.0,0.0,0.0,1.0,41
360,FoxNews,Wed May 06 18:37:46 +0000 2020,https://t.co/Uyru52Vc8F,0.0,0.0,0.0,1.0,40
361,FoxNews,Wed May 06 02:14:17 +0000 2020,https://t.co/RevV9qXMqw,0.0,0.0,0.0,1.0,39
362,FoxNews,Wed May 06 00:59:09 +0000 2020,https://t.co/PTkFduoi8e,0.0,0.0,0.0,1.0,38
363,FoxNews,Tue May 05 23:36:13 +0000 2020,https://t.co/LWyAIOV2LP,0.0,0.0,0.0,1.0,37
364,FoxNews,Tue May 05 22:34:49 +0000 2020,https://t.co/cgsJArqvNX,0.0,0.0,0.0,1.0,36
365,FoxNews,Tue May 05 21:25:37 +0000 2020,https://t.co/OQeGMUnEZf,0.0,0.0,0.0,1.0,35
366,FoxNews,Tue May 05 19:53:03 +0000 2020,https://t.co/lsXLd1T5K3,0.0,0.0,0.0,1.0,34
367,FoxNews,Tue May 05 18:51:08 +0000 2020,https://t.co/4jK6WIeWqb,0.0,0.0,0.0,1.0,33
368,FoxNews,Tue May 05 02:18:41 +0000 2020,https://t.co/ce5mVY4SkQ,0.0,0.0,0.0,1.0,32
369,FoxNews,Tue May 05 01:15:24 +0000 2020,https://t.co/o0AClIaDRf,0.0,0.0,0.0,1.0,31
370,FoxNews,Mon May 04 23:53:27 +0000 2020,https://t.co/NEVF4Sn9e2,0.0,0.0,0.0,1.0,30
371,FoxNews,Mon May 04 22:36:08 +0000 2020,https://t.co/gdYlBgW6RC,0.0,0.0,0.0,1.0,29
372,FoxNews,Mon May 04 21:25:19 +0000 2020,https://t.co/cZ8P5Y8Ohn,0.0,0.0,0.0,1.0,28
373,FoxNews,Mon May 04 20:19:38 +0000 2020,https://t.co/SFVp2alAQO,0.0,0.0,0.0,1.0,27
374,FoxNews,Mon May 04 18:51:09 +0000 2020,https://t.co/FiNPfGNoRv,0.0,0.0,0.0,1.0,26
375,FoxNews,Mon May 04 02:18:22 +0000 2020,https://t.co/qKF9HoTYNF,0.0,0.0,0.0,1.0,25
376,FoxNews,Mon May 04 01:08:00 +0000 2020,https://t.co/NhJ2QFyaYI,0.0,0.0,0.0,1.0,24
377,FoxNews,Sun May 03 23:55:10 +0000 2020,https://t.co/hPphqVVtBn,0.0,0.0,0.0,1.0,23
378,FoxNews,Sun May 03 22:49:19 +0000 2020,https://t.co/EzNk2lZPJz,0.0,0.0,0.0,1.0,22
379,FoxNews,Sun May 03 21:21:59 +0000 2020,https://t.co/Jv1m9hE7qD,0.0,0.0,0.0,1.0,21
380,FoxNews,Sun May 03 17:02:09 +0000 2020,https://t.co/skRGoPLHtk,0.0,0.0,0.0,1.0,20
381,FoxNews,Sun May 03 15:03:55 +0000 2020,https://t.co/WVrk3w5IxV,0.0,0.0,0.0,1.0,19
382,FoxNews,Sun May 03 15:03:38 +0000 2020,https://t.co/zOzRmavKzc,0.0,0.0,0.0,1.0,18
383,FoxNews,Sun May 03 01:36:31 +0000 2020,https://t.co/s39FIF2606,0.0,0.0,0.0,1.0,17
384,FoxNews,Sat May 02 21:47:32 +0000 2020,https://t.co/2dwVCrs5N8,0.0,0.0,0.0,1.0,16
385,FoxNews,Sat May 02 20:55:32 +0000 2020,https://t.co/028cZsdi0Z,0.0,0.0,0.0,1.0,15
386,FoxNews,Sat May 02 20:26:47 +0000 2020,https://t.co/fUi84QeePT,0.0,0.0,0.0,1.0,14
387,FoxNews,Sat May 02 19:34:47 +0000 2020,https://t.co/ngS5uN599f,0.0,0.0,0.0,1.0,13
388,FoxNews,Sat May 02 01:48:02 +0000 2020,https://t.co/YaI2eAGzWM,0.0,0.0,0.0,1.0,12
389,FoxNews,Sat May 02 01:22:45 +0000 2020,https://t.co/W2dylWJZBZ,0.0,0.0,0.0,1.0,11
390,FoxNews,Fri May 01 23:44:40 +0000 2020,https://t.co/Wtqz3YWgiW,0.0,0.0,0.0,1.0,10
391,FoxNews,Fri May 01 22:58:52 +0000 2020,https://t.co/Q5v67bsh7i,0.0,0.0,0.0,1.0,9
392,FoxNews,Fri May 01 22:28:41 +0000 2020,https://t.co/SHilf1rnvH,0.0,0.0,0.0,1.0,8
393,FoxNews,Fri May 01 20:13:47 +0000 2020,https://t.co/dtHf0k5vxu,0.0,0.0,0.0,1.0,7
394,FoxNews,Fri May 01 18:39:20 +0000 2020,https://t.co/LAbSFGR1Nk,0.0,0.0,0.0,1.0,6
395,FoxNews,Fri May 01 02:38:21 +0000 2020,https://t.co/uWY3H33c2Z,0.0,0.0,0.0,1.0,5
396,FoxNews,Fri May 01 01:29:15 +0000 2020,https://t.co/UV0EKwLVJ1,0.0,0.0,0.0,1.0,4
397,FoxNews,Fri May 01 00:23:02 +0000 2020,https://t.co/QwhFCXmYtZ,0.0,0.0,0.0,1.0,3
398,FoxNews,Thu Apr 30 23:20:53 +0000 2020,https://t.co/9ha6fv8Wsg,0.0,0.0,0.0,1.0,2
399,FoxNews,Thu Apr 30 22:19:29 +0000 2020,https://t.co/8UCCskDruh,0.0,0.0,0.0,1.0,1
400,dawn_com,Mon May 11 19:56:21 +0000 2020,"White House recommends tests for all nursing home residents.

Follow our updates on #coronavirus here: https://t.co/vY4fVgAjuk",0.2263,0.112,0.0,0.888,100
401,dawn_com,Mon May 11 19:55:38 +0000 2020,"US coronavirus death toll tops 80,000.

Follow our updates on #coronavirus here: https://t.co/vY4fVgAjuk",-0.1531,0.181,0.214,0.604,99
402,dawn_com,Mon May 11 19:47:28 +0000 2020,"WATCH: UK PM Boris Johnson reveals lockdown exit plan amid confusion

Follow our updates on #coronavirus here: https://t.co/vY4fVgAjuk",-0.296,0.0,0.115,0.885,98
403,dawn_com,Mon May 11 18:52:16 +0000 2020,"Germany's coronavirus reproduction rate remains above critical threshold

Follow our updates on #coronavirus here: https://t.co/vY4fVgAjuk",-0.3182,0.0,0.141,0.859,97
404,dawn_com,Mon May 11 18:37:01 +0000 2020,"Govt will succeed in controlling Covid-19 if people act responsibly: Shibli Faraz

Follow our updates on‚Ä¶ https://t.co/DsZkzl1wea",0.4939,0.167,0.0,0.833,96
405,dawn_com,Mon May 11 18:26:58 +0000 2020,The premier expressed satisfaction over the progress made so far and directed authorities concerned to begin constr‚Ä¶ https://t.co/MWZdvnm5bF,0.6908,0.263,0.0,0.737,95
406,dawn_com,Mon May 11 18:15:41 +0000 2020,"#Turkey orders four-day lockdown from weekend

Follow our updates on #coronavirus here: https://t.co/vY4fVgAjuk",0.0,0.0,0.0,1.0,94
407,dawn_com,Mon May 11 17:55:41 +0000 2020,"France reports increase in daily virus toll as lockdown eased

Follow our updates on #coronavirus here: https://t.co/vY4fVgAjuk",0.5423,0.231,0.0,0.769,93
408,dawn_com,Mon May 11 17:26:25 +0000 2020,"In pictures: SOPs out the window as #Pakistani markets open after weeks-long hiatus

See more photos:‚Ä¶ https://t.co/W86NgCiZ1p",0.0,0.0,0.0,1.0,92
409,dawn_com,Mon May 11 17:26:20 +0000 2020,"44 new cases, 1 death reported in Balochistan

Follow our updates on #coronavirus here: https://t.co/vY4fVgAjuk",-0.5994,0.0,0.218,0.782,91
410,dawn_com,Mon May 11 17:07:17 +0000 2020,"Shanghai Disneyland reopens with anti-virus controls

Follow our updates on #coronavirus here: https://t.co/vY4fVgAjuk",0.0,0.0,0.0,1.0,90
411,dawn_com,Mon May 11 16:45:11 +0000 2020,"WHO says 'extreme vigilance' needed in exit from lockdowns

Follow our updates on #coronavirus here: https://t.co/vY4fVgAjuk",0.0,0.0,0.0,1.0,89
412,dawn_com,Mon May 11 16:33:55 +0000 2020,"Less than 1,000 virus patients in intensive care in Italy

Follow our updates on #coronavirus here: https://t.co/vY4fVgAjuk",0.4939,0.167,0.0,0.833,88
413,dawn_com,Mon May 11 16:21:00 +0000 2020,"Sindh govt revises timings for businesses, restrictions on movement

Follow our updates on #coronavirus here: https://t.co/vY4fVgAjuk",0.0,0.0,0.0,1.0,87
414,dawn_com,Mon May 11 16:08:00 +0000 2020,"‚ÄúBetter to die of coronavirus, because I can't survive sitting at home,‚Äù said a shopkeeper in Peshawar https://t.co/ltq29mWDrR",-0.5994,0.0,0.187,0.813,86
415,dawn_com,Mon May 11 16:06:09 +0000 2020,"Starbucks to reopen 150 drive-thru locations in UK this week

Follow our updates on #coronavirus here: https://t.co/vY4fVgAjuk",0.0,0.0,0.0,1.0,85
416,dawn_com,Mon May 11 16:04:47 +0000 2020,"Markets teem across #Pakistan as lockdown eases despite infection surge

Follow our updates on #coronavirus here:‚Ä¶ https://t.co/KIvzBuNM22",0.3182,0.126,0.0,0.874,84
417,dawn_com,Mon May 11 15:58:55 +0000 2020,"SEE: What are the common Covid-19 symptoms being reported at US hospitals?

Follow our updates on #coronavirus here: https://t.co/vY4fVgAjuk",0.0,0.0,0.0,1.0,83
418,dawn_com,Mon May 11 15:48:03 +0000 2020,"Jacobabad's Covid-19 tally rises to 72

Follow our updates on #coronavirus here: https://t.co/vY4fVgAjuk",0.0,0.0,0.0,1.0,82
419,dawn_com,Mon May 11 15:41:25 +0000 2020,"Sindh being accused of taking 'excessive' measures: Murtaza Wahab

Follow our updates on #coronavirus here: https://t.co/vY4fVgAjuk",-0.296,0.0,0.128,0.872,81
420,dawn_com,Mon May 11 19:56:21 +0000 2020,"White House recommends tests for all nursing home residents.

Follow our updates on #coronavirus here: https://t.co/vY4fVgAjuk",0.2263,0.112,0.0,0.888,80
421,dawn_com,Mon May 11 19:55:38 +0000 2020,"US coronavirus death toll tops 80,000.

Follow our updates on #coronavirus here: https://t.co/vY4fVgAjuk",-0.1531,0.181,0.214,0.604,79
422,dawn_com,Mon May 11 19:47:28 +0000 2020,"WATCH: UK PM Boris Johnson reveals lockdown exit plan amid confusion

Follow our updates on #coronavirus here: https://t.co/vY4fVgAjuk",-0.296,0.0,0.115,0.885,78
423,dawn_com,Mon May 11 18:52:16 +0000 2020,"Germany's coronavirus reproduction rate remains above critical threshold

Follow our updates on #coronavirus here: https://t.co/vY4fVgAjuk",-0.3182,0.0,0.141,0.859,77
424,dawn_com,Mon May 11 18:37:01 +0000 2020,"Govt will succeed in controlling Covid-19 if people act responsibly: Shibli Faraz

Follow our updates on‚Ä¶ https://t.co/DsZkzl1wea",0.4939,0.167,0.0,0.833,76
425,dawn_com,Mon May 11 18:26:58 +0000 2020,The premier expressed satisfaction over the progress made so far and directed authorities concerned to begin constr‚Ä¶ https://t.co/MWZdvnm5bF,0.6908,0.263,0.0,0.737,75
426,dawn_com,Mon May 11 18:15:41 +0000 2020,"#Turkey orders four-day lockdown from weekend

Follow our updates on #coronavirus here: https://t.co/vY4fVgAjuk",0.0,0.0,0.0,1.0,74
427,dawn_com,Mon May 11 17:55:41 +0000 2020,"France reports increase in daily virus toll as lockdown eased

Follow our updates on #coronavirus here: https://t.co/vY4fVgAjuk",0.5423,0.231,0.0,0.769,73
428,dawn_com,Mon May 11 17:26:25 +0000 2020,"In pictures: SOPs out the window as #Pakistani markets open after weeks-long hiatus

See more photos:‚Ä¶ https://t.co/W86NgCiZ1p",0.0,0.0,0.0,1.0,72
429,dawn_com,Mon May 11 17:26:20 +0000 2020,"44 new cases, 1 death reported in Balochistan

Follow our updates on #coronavirus here: https://t.co/vY4fVgAjuk",-0.5994,0.0,0.218,0.782,71
430,dawn_com,Mon May 11 17:07:17 +0000 2020,"Shanghai Disneyland reopens with anti-virus controls

Follow our updates on #coronavirus here: https://t.co/vY4fVgAjuk",0.0,0.0,0.0,1.0,70
431,dawn_com,Mon May 11 16:45:11 +0000 2020,"WHO says 'extreme vigilance' needed in exit from lockdowns

Follow our updates on #coronavirus here: https://t.co/vY4fVgAjuk",0.0,0.0,0.0,1.0,69
432,dawn_com,Mon May 11 16:33:55 +0000 2020,"Less than 1,000 virus patients in intensive care in Italy

Follow our updates on #coronavirus here: https://t.co/vY4fVgAjuk",0.4939,0.167,0.0,0.833,68
433,dawn_com,Mon May 11 16:21:00 +0000 2020,"Sindh govt revises timings for businesses, restrictions on movement

Follow our updates on #coronavirus here: https://t.co/vY4fVgAjuk",0.0,0.0,0.0,1.0,67
434,dawn_com,Mon May 11 16:08:00 +0000 2020,"‚ÄúBetter to die of coronavirus, because I can't survive sitting at home,‚Äù said a shopkeeper in Peshawar https://t.co/ltq29mWDrR",-0.5994,0.0,0.187,0.813,66
435,dawn_com,Mon May 11 16:06:09 +0000 2020,"Starbucks to reopen 150 drive-thru locations in UK this week

Follow our updates on #coronavirus here: https://t.co/vY4fVgAjuk",0.0,0.0,0.0,1.0,65
436,dawn_com,Mon May 11 16:04:47 +0000 2020,"Markets teem across #Pakistan as lockdown eases despite infection surge

Follow our updates on #coronavirus here:‚Ä¶ https://t.co/KIvzBuNM22",0.3182,0.126,0.0,0.874,64
437,dawn_com,Mon May 11 15:58:55 +0000 2020,"SEE: What are the common Covid-19 symptoms being reported at US hospitals?

Follow our updates on #coronavirus here: https://t.co/vY4fVgAjuk",0.0,0.0,0.0,1.0,63
438,dawn_com,Mon May 11 15:48:03 +0000 2020,"Jacobabad's Covid-19 tally rises to 72

Follow our updates on #coronavirus here: https://t.co/vY4fVgAjuk",0.0,0.0,0.0,1.0,62
439,dawn_com,Mon May 11 15:41:25 +0000 2020,"Sindh being accused of taking 'excessive' measures: Murtaza Wahab

Follow our updates on #coronavirus here: https://t.co/vY4fVgAjuk",-0.296,0.0,0.128,0.872,61
440,dawn_com,Mon May 11 15:05:31 +0000 2020,"ASI passes away after contracting Covid-19 in Karachi

Follow our updates on #coronavirus here: https://t.co/vY4fVgAjuk",0.0,0.0,0.0,1.0,60
441,dawn_com,Mon May 11 14:59:08 +0000 2020,"Nafisa Shah's sister, a DUHS professor, tests positive for Covid-19

Follow our updates on #coronavirus here: https://t.co/vY4fVgAjuk",0.5574,0.184,0.0,0.816,59
442,dawn_com,Mon May 11 14:55:12 +0000 2020,"WATCH: Displaced Somalis share Iftar meals under shadow of Covid-19

Follow our updates on #coronavirus here: https://t.co/vY4fVgAjuk",0.296,0.121,0.0,0.879,58
443,dawn_com,Mon May 11 14:46:51 +0000 2020,"206 new Covid-19 cases, 12 deaths reported in KP

Follow our updates on #coronavirus here: https://t.co/vY4fVgAjuk",0.0,0.0,0.0,1.0,57
444,dawn_com,Mon May 11 14:07:22 +0000 2020,"Abu Dhabi's Etihad lays off staff, warns of further cuts: sources

Follow our updates on #coronavirus here: https://t.co/vY4fVgAjuk",-0.3818,0.0,0.184,0.816,56
445,dawn_com,Mon May 11 13:55:04 +0000 2020,"New York will follow 'smart lockdown' concept introduced by Pakistan, says Murad Saeed

Follow our updates on‚Ä¶ https://t.co/03VJIQSpnN",0.4019,0.137,0.0,0.863,55
446,dawn_com,Mon May 11 13:40:37 +0000 2020,"The foreign minister also lauded the performance of Sindh Chief Minister Murad Ali Shah, stating that he had no qua‚Ä¶ https://t.co/jEE91ERf8j",-0.296,0.0,0.099,0.901,54
447,dawn_com,Mon May 11 13:40:12 +0000 2020,"PPP Chairman Bilawal Bhutto-Zardari lashed out at Prime Minister Imran Khan for ""his failure to lead the country"" d‚Ä¶ https://t.co/DiffabZWeA",-0.5106,0.0,0.148,0.852,53
448,dawn_com,Mon May 11 13:38:47 +0000 2020,"Opposition only shouted 'lockdown, lockdown' instead of giving a solution: Murad Saeed

Follow our updates on‚Ä¶ https://t.co/HrHfuA36HZ",0.5719,0.239,0.0,0.761,52
449,dawn_com,Mon May 11 13:36:04 +0000 2020,"RT @dawn_images: The #SazaeSan show had been airing in #Japan every Sunday since 1969, until now. #Coronavirus #Covid19

https://t.co/LtMi8‚Ä¶",0.0,0.0,0.0,1.0,51
450,dawn_com,Mon May 11 13:25:19 +0000 2020,"Bilawal calls out govt over conditions in Taftaan, not stopping Raiwind Ijtima

Follow our updates on #coronavirus‚Ä¶ https://t.co/9eGYzxHDJJ",0.1139,0.078,0.0,0.922,50
451,dawn_com,Mon May 11 13:17:39 +0000 2020,"BISP funds being distributed under Ehsaas programme, says Bilawal

Follow our updates on #coronavirus here: https://t.co/vY4fVgAjuk",0.0,0.0,0.0,1.0,49
452,dawn_com,Mon May 11 13:08:03 +0000 2020,"Covid-19 crisis has revealed the PM's 'ineptitude', alleges Bilawal

Follow our updates on #coronavirus here: https://t.co/vY4fVgAjuk",-0.6249,0.0,0.215,0.785,48
453,dawn_com,Mon May 11 13:07:40 +0000 2020,"Federal govt not providing provinces the help they need, says Bilawal

Follow our updates on #coronavirus here: https://t.co/vY4fVgAjuk",0.4019,0.137,0.0,0.863,47
454,dawn_com,Mon May 11 12:51:04 +0000 2020,"There was a need for PM to lead the entire country, not just PTI: Bilawal

Follow our updates on #coronavirus here: https://t.co/vY4fVgAjuk",0.0,0.0,0.0,1.0,46
455,dawn_com,Mon May 11 12:45:21 +0000 2020,"475 new cases in Punjab take tally to 11,568 

Follow our updates on #coronavirus here: https://t.co/vY4fVgAjuk",0.0,0.0,0.0,1.0,45
456,dawn_com,Mon May 11 12:43:42 +0000 2020,"Pakistan hasn't faced food shortage due to PM's decisive actions: minister

Follow our updates on #coronavirus here: https://t.co/vY4fVgAjuk",0.3899,0.185,0.0,0.815,44
457,dawn_com,Mon May 11 12:32:16 +0000 2020,"'Hunger is as much a threat to us as the virus,' says Hammad Azhar

Follow our updates on #coronavirus here: https://t.co/vY4fVgAjuk",-0.6597,0.0,0.221,0.779,43
458,dawn_com,Mon May 11 12:32:02 +0000 2020,"Pakistanis' return from Taftan should not be blamed for the virus outbreak: minister

Follow our updates on‚Ä¶ https://t.co/D2qaW3k16Q",0.3724,0.131,0.0,0.869,42
459,dawn_com,Mon May 11 12:31:38 +0000 2020,"PM confusing nation through contradictory statements: Khawaja Asif

Follow our updates on #coronavirus here: https://t.co/vY4fVgAjuk",-0.5106,0.0,0.249,0.751,41
460,dawn_com,Mon May 11 11:53:36 +0000 2020,"Could take years for life to return to normality, says Khawaja Asif

Follow our updates on #coronavirus here: https://t.co/vY4fVgAjuk",0.0,0.0,0.0,1.0,40
461,dawn_com,Mon May 11 11:47:28 +0000 2020,"Complete lockdown would have gotten us through this crisis: Khawaja Asif

Follow our updates on #coronavirus here: https://t.co/vY4fVgAjuk",-0.7073,0.0,0.223,0.777,39
462,dawn_com,Mon May 11 11:39:14 +0000 2020,"Khawaja Asif calls out Centre for 'confusion' in handling Covid-19 crisis

Follow our updates on #coronavirus here: https://t.co/vY4fVgAjuk",-0.743,0.0,0.283,0.717,38
463,dawn_com,Mon May 11 11:38:56 +0000 2020,"Pakistan's Covid-19 trajectory different to US, Europe, says FM Qureshi

Follow our updates on #coronavirus here: https://t.co/vY4fVgAjuk",0.0,0.0,0.0,1.0,37
464,dawn_com,Mon May 11 11:38:37 +0000 2020,"'All of your points will be heard': FM Qureshi assures opposition parties

Follow our updates on #coronavirus here: https://t.co/vY4fVgiI5K",0.6124,0.227,0.0,0.773,36
465,dawn_com,Mon May 11 11:19:00 +0000 2020,"PML-N 'stops' Leader of the Opposition Shehbaz Sharif from attending NA session 

Follow our updates on‚Ä¶ https://t.co/QVxtSGmG38",-0.1531,0.0,0.091,0.909,35
466,dawn_com,Mon May 11 11:17:15 +0000 2020,Breast milk from #coronavirus infected mothers may contain antibodies to the novel coronavirus that could be protec‚Ä¶ https://t.co/xweQqqn7o7,-0.2263,0.107,0.149,0.744,34
467,dawn_com,Mon May 11 11:15:39 +0000 2020,Minister for Education Shafqat Mahmood has categorically stated that all board exams across the country have been c‚Ä¶ https://t.co/yWQUBFDxtL,0.0,0.0,0.0,1.0,33
468,dawn_com,Mon May 11 11:14:07 +0000 2020,"Foreign Minister Shah Mahmood Qureshi has declared that Pakistan was ""ahead of other South Asian countries"" in term‚Ä¶ https://t.co/Aqv9Olb2n6",0.0,0.0,0.0,1.0,32
469,dawn_com,Mon May 11 11:08:06 +0000 2020,"RT @dawn_images: Is the fact that they believe she's actually the character #HalimeSultan a testament to her acting skills, or their IQ?

M‚Ä¶",0.0,0.0,0.0,1.0,31
470,dawn_com,Mon May 11 10:54:24 +0000 2020,"FM Qureshi says Pakistan 'ahead of other South Asian countries' 

Follow our updates on #coronavirus here: https://t.co/vY4fVgAjuk",0.0,0.0,0.0,1.0,30
471,dawn_com,Mon May 11 10:53:54 +0000 2020,"NA deputy speaker tells lawmakers to observe precautions in parliament 

Follow our updates on #coronavirus here: https://t.co/vY4fVgAjuk",0.0,0.0,0.0,1.0,29
472,dawn_com,Mon May 11 10:53:22 +0000 2020,"Coronavirus is an 'unprecedented challenge', says Shah Mahmood Qureshi 

Follow our updates on #coronavirus here: https://t.co/vY4fVgAjuk",0.0772,0.08,0.0,0.92,28
473,dawn_com,Mon May 11 10:52:43 +0000 2020,"WATCH: Foreign minister addresses NA session 

Follow our updates on #coronavirus here: https://t.co/vY4fVgAjuk",0.0,0.0,0.0,1.0,27
474,dawn_com,Mon May 11 10:33:30 +0000 2020,"NA session on Covid-19 impact under way

Follow our updates on #coronavirus here: https://t.co/vY4fVgAjuk",0.0,0.0,0.0,1.0,26
475,dawn_com,Mon May 11 10:26:00 +0000 2020,"RT @dawn_images: According to son #BenStiller, veteran actor #JerryStiller died of natural causes.

https://t.co/F9mw3HsXJM https://t.co/Y7‚Ä¶",-0.2732,0.131,0.188,0.681,25
476,dawn_com,Mon May 11 10:14:57 +0000 2020,"Taking precautionary measures only way to defeat Covid-19, says Dr Zafar Mirza

Follow our updates on #coronavirus‚Ä¶ https://t.co/tK5FO35q4I",-0.4588,0.0,0.15,0.85,24
477,dawn_com,Mon May 11 10:01:05 +0000 2020,"Ajmal Wazir asks people not to go outside 'unnecessarily'

Follow our updates on #coronavirus here: https://t.co/vY4fVgAjuk",0.0,0.0,0.0,1.0,23
478,dawn_com,Mon May 11 09:51:58 +0000 2020,"Spain's daily coronavirus death toll falls to 123

Follow our updates on #coronavirus here: https://t.co/vY4fVgAjuk",-0.5994,0.0,0.218,0.782,22
479,dawn_com,Mon May 11 09:51:22 +0000 2020,"We have mobilised support for 28,500+ families (an estimated 200,000 women, men and children) throughout Ramazan, a‚Ä¶ https://t.co/fkKrdqG5dM",0.4019,0.137,0.0,0.863,21
480,dawn_com,Mon May 11 09:48:36 +0000 2020,"SPONSORED CONTENT: The content, topics and syllabus for each course are specifically designed for DU and geared tow‚Ä¶ https://t.co/BiAE6QH8GD",0.0,0.0,0.0,1.0,20
481,dawn_com,Mon May 11 09:45:30 +0000 2020,"Khurram Sher Zaman accuses Sindh govt of mishandling Covid-19 crisis 

Follow our updates on #coronavirus here: https://t.co/vY4fVgAjuk",-0.7579,0.0,0.302,0.698,19
482,dawn_com,Mon May 11 09:45:12 +0000 2020,"Sindh govt should reopen OPDs, says Khurram Sher Zaman

Follow our updates on #coronavirus here: https://t.co/vY4fVgAjuk",0.0,0.0,0.0,1.0,18
483,dawn_com,Mon May 11 09:35:24 +0000 2020,"Russia overtakes Italy and Britain after record rise in coronavirus cases 

Follow our updates on #coronavirus here: https://t.co/vY4fVgAjuk",0.0,0.0,0.0,1.0,17
484,dawn_com,Mon May 11 09:31:53 +0000 2020,"WATCH: PTI's Khurram Sher Zaman speaks to media over Covid-19 situation 

Follow our updates on #coronavirus here: https://t.co/vY4fVgAjuk",0.0,0.0,0.0,1.0,16
485,dawn_com,Mon May 11 09:16:04 +0000 2020,"RT @dawn_images: Test your knowledge on #Manto on his 108th birth anniversary

https://t.co/XND4LHyXJf https://t.co/RTAS0ff6uB",0.0,0.0,0.0,1.0,15
486,dawn_com,Mon May 11 09:10:21 +0000 2020,"France emerges cautiously from coronavirus lockdown 

Follow our updates on #coronavirus here: https://t.co/vY4fVgAjuk",0.0,0.0,0.0,1.0,14
487,dawn_com,Mon May 11 09:05:01 +0000 2020,"Singapore's health ministry confirms 486 new coronavirus cases 

Follow our updates on #coronavirus here: https://t.co/vY4fVgAjuk",0.0,0.0,0.0,1.0,13
488,dawn_com,Mon May 11 08:59:17 +0000 2020,"All board exams are cancelled, says Shafqat Mahmood

Follow our updates on #coronavirus here: https://t.co/vY4fVgAjuk",-0.25,0.0,0.125,0.875,12
489,dawn_com,Mon May 11 08:46:25 +0000 2020,"Sindh becomes first province to record over 12,000 cases 

Follow our updates on #coronavirus here: https://t.co/vY4fVgAjuk",0.0,0.0,0.0,1.0,11
490,dawn_com,Mon May 11 08:45:57 +0000 2020,"Sindh records 11 deaths, 537 new cases 

Follow our updates on #coronavirus here: https://t.co/vY4fVgAjuk",0.0,0.0,0.0,1.0,10
491,dawn_com,Mon May 11 08:23:51 +0000 2020,"EasyJet, Heathrow want early exit from UK quarantine rules 

Follow our updates on #coronavirus here: https://t.co/vY4fVgAjuk",0.0772,0.08,0.0,0.92,9
492,dawn_com,Mon May 11 08:20:18 +0000 2020,Breast milk from cotonavirus infected mothers may contain antibodies to the novel coronavirus that could be protect‚Ä¶ https://t.co/8LMgVdNQmL,-0.2263,0.107,0.149,0.744,8
493,dawn_com,Mon May 11 08:12:38 +0000 2020,"WATCH: Trump says he had ‚Äòvery little personal contact‚Äô with valet who tested positive for Covid-19

Follow our upd‚Ä¶ https://t.co/qi5111qCiP",0.5574,0.159,0.0,0.841,7
494,dawn_com,Mon May 11 08:05:15 +0000 2020,"VIDEO: How much surveillance in the name of coronavirus is too much?

Follow our updates on #coronavirus here: https://t.co/vY4fVgAjuk",0.0,0.0,0.0,1.0,6
495,dawn_com,Mon May 11 08:04:39 +0000 2020,"One report said the vessel had sunk after being hit by a missile fired by another Iranian warship.

https://t.co/IJ7IpI3eFE",-0.6486,0.0,0.238,0.762,5
496,dawn_com,Mon May 11 08:03:54 +0000 2020,"Iran's army confirmed the death of 19, saying in a statement that ""investigations"" were continuing regarding the ca‚Ä¶ https://t.co/l2Uo1Q5q2U",-0.5994,0.0,0.178,0.822,4
497,dawn_com,Mon May 11 07:45:45 +0000 2020,"RT @dawn_images: DC Naveed Ahmed said standard operating procedures (SOPs) were being devised in consultation with the #Kalash elders

More‚Ä¶",0.0,0.0,0.0,1.0,3
498,dawn_com,Mon May 11 07:45:30 +0000 2020,"RT @dawn_images: Adnan Siddiqui and Humayun Saeed respond to Naumaan Ijaz's comments

Read: https://t.co/QsLSyRf2NV

#AdnanSiddiqui #Naumaa‚Ä¶",0.0,0.0,0.0,1.0,2
499,dawn_com,Mon May 11 07:45:08 +0000 2020,"RT @dawn_images: The illustration was created for the writer's 108th birthday by Pakistani artist, Shehzil Malik.

More: https://t.co/gK48x‚Ä¶",0.25,0.105,0.0,0.895,1
